Date,Crude Oil,Brent Oil,Natural Gas,Gold,Silver,Copper
2022-06-15,119.11,121.34,7.264,1815.95,21.105,4.1762
2022-06-14,118.93,121.17,7.189,1813.50,20.954,4.1565
2022-06-13,120.93,122.27,8.609,1831.80,21.255,4.2115
2022-06-10,120.67,122.01,8.850,1875.50,21.931,4.2945
2022-06-09,121.51,123.07,8.963,1852.80,21.817,4.3810
2022-06-08,122.11,123.58,8.699,1856.50,22.094,4.4545
2022-06-07,119.41,120.57,9.293,1852.10,22.178,4.4355
2022-06-06,118.50,119.51,9.322,1843.70,22.092,4.4350
2022-06-03,118.87,119.72,8.523,1850.20,21.908,4.4720
2022-06-02,116.87,117.61,8.485,1871.40,22.275,4.5525
2022-06-01,115.26,113.56,8.696,1848.70,21.915,4.3285
2022-05-31,114.67,115.60,8.145,1848.40,21.688,4.2960
2022-05-30,117.61,117.60,8.686,1855.40,21.927,4.3340
2022-05-29,115.61,,8.815,1847.65,22.054,4.3232
2022-05-27,115.07,119.43,8.727,1857.30,22.138,4.3065
2022-05-26,114.09,114.17,8.908,1853.90,21.965,4.2590
2022-05-25,110.33,111.12,8.971,1852.50,21.870,4.2545
2022-05-24,109.77,110.69,8.796,1871.40,22.063,4.3050
2022-05-23,110.29,110.78,8.744,1853.90,21.723,4.3455
2022-05-20,110.28,112.55,8.083,1848.40,21.674,4.2750
2022-05-19,109.89,112.04,8.308,1847.80,21.908,4.2830
2022-05-18,107.04,109.11,8.368,1822.40,21.544,4.1785
2022-05-17,109.63,111.93,8.304,1825.40,21.750,4.2390
2022-05-16,111.82,114.24,7.956,1820.40,21.551,4.1915
2022-05-13,108.63,111.55,7.663,1814.80,21.001,4.1750
2022-05-12,104.40,107.45,7.739,1831.60,20.773,4.1005
2022-05-11,104.03,107.51,7.640,1861.00,21.575,4.2090
2022-05-10,98.45,102.46,7.385,1848.40,21.424,4.1545
2022-05-09,101.77,105.94,7.026,1865.90,21.820,4.1935
2022-05-06,108.33,112.39,8.043,1890.20,22.367,4.2670
2022-05-05,106.74,110.90,8.783,1883.00,22.443,4.2915
2022-05-04,106.22,110.14,8.415,1876.20,22.402,4.3380
2022-05-03,100.90,104.97,7.954,1877.80,22.665,4.2830
2022-05-02,103.42,107.58,7.475,1870.60,22.584,4.2680
2022-04-29,102.94,109.34,7.244,1918.60,23.085,4.4085
2022-04-28,103.47,107.59,6.888,1898.30,23.181,4.4335
2022-04-27,100.68,104.95,7.339,1895.60,23.483,4.4750
2022-04-26,100.41,104.61,6.850,1911.10,23.572,4.4640
2022-04-25,97.67,102.29,6.669,1903.00,23.698,4.4720
2022-04-22,101.05,106.65,6.534,1941.40,24.280,4.6020
2022-04-21,102.96,108.33,6.957,1955.00,24.657,4.7225
2022-04-20,101.36,106.80,6.937,1962.30,25.303,4.6755
2022-04-19,101.16,107.25,7.176,1965.80,25.426,4.7395
2022-04-18,106.41,113.16,7.820,1993.30,26.181,4.8215
2022-04-14,105.44,111.70,7.300,1981.60,25.735,4.7410
2022-04-13,102.89,108.78,6.997,1991.50,26.060,4.7305
2022-04-12,99.40,104.64,6.680,1983.00,25.769,4.7275
2022-04-11,93.46,98.48,6.643,1955.00,25.022,4.6495
2022-04-08,97.01,102.78,6.278,1952.20,24.866,4.7375
2022-04-07,94.81,100.58,6.359,1944.20,24.785,4.7090
2022-04-06,94.63,101.07,6.029,1929.30,24.509,4.7455
2022-04-05,99.55,106.64,6.032,1933.50,24.588,4.8015
2022-04-04,100.60,107.53,5.712,1939.70,24.636,4.7865
2022-04-01,96.76,104.39,5.720,1929.20,24.689,4.6940
2022-03-31,96.88,107.91,5.642,1959.50,25.158,4.7555
2022-03-30,103.32,113.45,5.605,1944.10,25.146,4.7545
2022-03-29,99.65,110.23,5.336,1923.00,24.736,4.7330
2022-03-28,100.72,112.48,5.508,1949.90,25.196,4.7285
2022-03-25,107.93,120.65,5.571,1964.90,25.615,4.7000
2022-03-24,106.19,119.03,5.401,1972.60,25.920,4.7430
2022-03-23,108.65,121.60,5.232,1947.10,25.189,4.7745
2022-03-22,103.57,115.48,5.187,1931.20,24.904,4.7000
2022-03-21,103.98,115.62,4.900,1939.00,25.313,4.7100
2022-03-18,98.19,107.93,4.863,1937.90,25.087,4.7335
2022-03-17,96.98,106.64,4.990,1952.10,25.616,4.6955
2022-03-16,89.53,98.02,4.748,1918.30,24.710,4.5980
2022-03-15,90.87,99.91,4.568,1938.50,25.158,4.5130
2022-03-14,95.84,106.90,4.658,1969.30,25.298,4.5215
2022-03-11,100.48,112.67,4.725,1993.10,26.160,4.6190
2022-03-10,96.73,109.33,4.631,2008.20,26.256,4.6430
2022-03-09,97.26,111.14,4.526,1994.90,25.816,4.5640
2022-03-08,110.83,127.98,4.527,2049.90,26.895,4.7010
2022-03-07,107.72,123.21,4.833,2002.60,25.720,4.7190
2022-03-04,104.18,118.11,5.016,1973.60,25.789,4.9125
2022-03-03,96.78,110.46,4.722,1942.90,25.212,4.7685
2022-03-02,97.58,112.93,4.762,1929.00,25.190,4.6610
2022-03-01,92.64,104.97,4.573,1950.40,25.541,4.5945
2022-02-28,88.72,100.99,4.402,1907.40,24.366,4.4540
2022-02-25,86.19,97.93,4.470,1894.20,24.017,4.4835
2022-02-24,86.99,99.08,4.568,1933.00,24.697,4.4575
2022-02-23,87.56,96.84,4.623,1917.70,24.574,4.4850
2022-02-22,87.07,96.84,4.498,1914.70,24.331,4.5125
2022-02-21,92.65,95.39,4.705,1912.05,24.038,4.4805
2022-02-20,91.62,,4.579,1908.00,24.032,4.5205
2022-02-18,85.42,93.54,4.431,1907.10,24.019,4.5215
2022-02-17,84.77,92.97,4.486,1909.30,23.903,4.5240
2022-02-16,86.05,94.81,4.717,1878.90,23.633,4.5370
2022-02-15,84.79,93.28,4.306,1863.70,23.369,4.5320
2022-02-14,87.94,96.48,4.195,1877.10,23.877,4.5030
2022-02-11,86.70,94.44,3.941,1849.90,23.392,4.5040
2022-02-10,84.85,91.41,3.959,1844.80,23.545,4.6435
2022-02-09,85.03,91.55,4.009,1843.30,23.362,4.5880
2022-02-08,84.13,90.78,4.248,1834.50,23.221,4.4590
2022-02-07,85.81,92.69,4.232,1827.90,23.098,4.4660
2022-02-04,86.06,93.27,4.572,1814.00,22.497,4.4850
2022-02-03,84.47,91.11,4.888,1810.10,22.397,4.4665
2022-02-02,82.94,89.47,5.501,1816.10,22.730,4.4875
2022-02-01,82.56,89.16,4.751,1807.20,22.618,4.4270
2022-01-31,82.70,91.21,4.874,1802.20,22.419,4.3240
2022-01-28,81.98,90.03,4.639,1792.20,22.320,4.3115
2022-01-27,82.00,88.17,4.283,1800.40,22.676,4.4185
2022-01-26,82.63,88.74,4.277,1836.90,23.807,4.5130
2022-01-25,81.30,88.20,4.053,1859.80,23.896,4.4485
2022-01-24,79.83,86.27,4.027,1849.00,23.800,4.4150
2022-01-21,81.38,87.89,3.999,1838.80,24.320,4.5190
2022-01-20,82.01,88.38,3.802,1849.50,24.716,4.5750
2022-01-19,81.87,88.44,4.031,1850.10,24.231,4.4720
2022-01-18,81.10,87.51,4.283,1819.50,23.492,4.3835
2022-01-17,83.69,86.48,4.276,1819.05,23.043,4.4335
2022-01-16,83.83,,4.335,1815.75,22.968,4.4435
2022-01-14,79.83,86.06,4.262,1822.90,22.918,4.4170
2022-01-13,78.50,84.47,4.270,1827.70,23.162,4.5355
2022-01-12,78.69,84.67,4.857,1833.70,23.207,4.5635
2022-01-11,77.85,83.72,4.249,1824.60,22.812,4.4230
2022-01-10,75.22,80.87,4.079,1805.10,22.462,4.3480
2022-01-07,75.91,81.75,3.916,1803.70,22.409,4.4030
2022-01-06,76.28,81.99,3.812,1795.40,22.190,4.3470
2022-01-05,75.31,80.80,3.882,1831.50,23.170,4.4040
2022-01-04,74.94,80.00,3.717,1821.40,23.056,4.4595
2022-01-03,73.99,78.98,3.815,1807.00,22.810,4.4075
2021-12-31,72.78,77.78,3.730,1835.90,23.352,4.4425
2021-12-30,74.37,79.32,3.561,1821.40,23.060,4.3770
2021-12-29,74.01,79.23,4.024,1813.00,22.850,4.3900
2021-12-28,73.39,78.94,4.055,1818.00,23.113,4.4130
2021-12-27,72.96,78.60,4.060,1815.80,22.981,4.4450
2021-12-23,71.24,76.85,3.731,1818.60,22.935,4.3705
2021-12-22,70.25,75.29,3.976,1809.30,22.804,4.3690
2021-12-21,69.20,73.98,3.869,1795.90,22.513,4.3265
2021-12-20,66.93,71.52,3.834,1801.60,22.281,4.2775
2021-12-17,68.65,73.52,3.690,1811.90,22.522,4.2805
2021-12-16,70.13,75.02,3.766,1805.40,22.471,4.2885
2021-12-15,69.07,73.88,3.802,1771.50,21.530,4.1710
2021-12-14,69.12,73.70,3.747,1779.30,21.909,4.2440
2021-12-13,69.64,74.39,3.794,1795.30,22.315,4.2750
2021-12-10,70.04,75.15,3.925,1791.30,22.182,4.2730
2021-12-09,69.49,74.42,3.814,1783.10,22.001,4.3150
2021-12-08,70.77,75.82,3.815,1791.70,22.422,4.3750
2021-12-07,70.26,75.44,3.708,1790.70,22.512,4.3240
2021-12-06,67.90,73.08,3.657,1785.30,22.252,4.3155
2021-12-03,65.01,69.88,4.132,1789.50,22.470,4.2535
2021-12-02,64.94,69.67,4.056,1768.40,22.304,4.2840
2021-12-01,63.95,68.87,4.258,1790.00,22.324,4.2360
2021-11-30,64.13,70.57,4.567,1781.90,22.799,4.2680
2021-11-29,67.81,73.44,4.854,1790.60,22.836,4.3290
2021-11-26,65.91,72.72,5.447,1793.20,23.122,4.2795
2021-11-25,77.41,82.22,5.087,1792.40,23.582,4.4400
2021-11-24,74.65,82.25,5.068,1792.30,23.514,4.4590
2021-11-23,74.81,82.31,4.967,1791.70,23.452,4.4110
2021-11-22,72.83,79.70,4.789,1814.40,24.318,4.3880
2021-11-19,71.67,78.89,5.065,1859.20,24.800,4.3840
2021-11-18,73.57,81.24,4.902,1868.60,24.919,4.2950
2021-11-17,72.35,80.28,4.816,1877.40,25.185,4.2655
2021-11-16,73.84,82.43,5.177,1861.30,24.963,4.3520
2021-11-15,73.61,82.05,5.017,1873.90,25.124,4.3920
2021-11-12,73.55,82.17,4.791,1875.40,25.365,4.4290
2021-11-11,74.14,82.87,5.149,1870.80,25.320,4.3745
2021-11-10,73.89,82.64,4.880,1855.20,24.791,4.3085
2021-11-09,75.77,84.78,4.979,1837.70,24.337,4.3505
2021-11-08,75.03,83.43,5.427,1835.00,24.561,4.3700
2021-11-05,74.57,82.74,5.516,1823.60,24.176,4.3100
2021-11-04,72.33,80.54,5.716,1800.10,23.930,4.2855
2021-11-03,73.06,81.99,5.670,1770.30,23.251,4.2865
2021-11-02,75.29,84.72,5.542,1796.10,23.524,4.3170
2021-11-01,75.15,84.71,5.186,1802.50,24.091,4.3315
2021-10-29,74.63,84.38,5.426,1790.70,23.966,4.3125
2021-10-28,74.91,84.32,5.782,1809.60,24.139,4.3845
2021-10-27,75.11,84.58,6.202,1805.90,24.191,4.3560
2021-10-26,76.57,86.40,5.882,1800.40,24.088,4.4500
2021-10-25,76.12,85.99,5.898,1813.70,24.592,4.4795
2021-10-22,75.58,85.53,5.280,1803.40,24.449,4.4335
2021-10-21,75.60,84.61,5.115,1788.80,24.170,4.4710
2021-10-20,77.07,85.82,5.170,1791.60,24.445,4.6395
2021-10-19,76.26,85.08,5.088,1777.60,23.883,4.6060
2021-10-18,75.88,84.33,4.989,1772.70,23.264,4.6210
2021-10-15,76.22,84.86,5.410,1775.10,23.349,4.6400
2021-10-14,75.85,84.00,5.687,1804.80,23.477,4.5435
2021-10-13,75.23,83.18,5.590,1802.00,23.170,4.4360
2021-10-12,75.24,83.42,5.505,1766.00,22.514,4.2890
2021-10-11,75.25,83.65,5.345,1762.50,22.665,4.3300
2021-10-08,74.05,82.39,5.565,1764.10,22.705,4.2460
2021-10-07,73.74,81.95,5.677,1765.70,22.658,4.2145
2021-10-06,72.96,81.08,5.675,1767.60,22.532,4.1190
2021-10-05,74.33,82.56,6.312,1766.90,22.608,4.1560
2021-10-04,73.15,81.26,5.766,1773.20,22.644,4.2015
2021-10-01,71.61,79.28,5.619,1764.10,22.536,4.1460
2021-09-30,70.53,78.52,5.867,1762.30,22.047,4.0540
2021-09-29,70.50,78.64,5.477,1729.20,21.485,4.1675
2021-09-28,70.64,79.09,5.841,1744.00,22.460,4.2085
2021-09-27,70.86,79.53,5.706,1758.40,22.685,4.2535
2021-09-24,69.40,78.09,5.140,1758.30,22.411,4.2590
2021-09-23,68.87,77.25,4.976,1756.30,22.663,4.2140
2021-09-22,67.95,76.19,4.805,1785.70,22.890,4.2295
2021-09-21,66.47,74.36,4.805,1784.80,22.593,4.1060
2021-09-20,65.99,73.92,4.985,1770.30,22.185,4.0960
2021-09-17,67.46,75.34,5.105,1757.60,22.316,4.2220
2021-09-16,68.00,75.67,5.335,1763.30,22.774,4.2595
2021-09-15,68.00,75.46,5.460,1801.50,23.779,4.3785
2021-09-14,66.76,73.60,5.260,1813.90,23.863,4.2995
2021-09-13,66.87,73.51,5.231,1801.40,23.775,4.3420
2021-09-10,66.35,72.92,4.938,1798.90,23.878,4.4275
2021-09-09,64.99,71.45,5.031,1806.80,24.156,4.2705
2021-09-08,65.84,72.60,4.914,1800.20,24.036,4.2180
2021-09-07,65.39,71.69,4.568,1805.10,24.357,4.2645
2021-09-06,68.80,72.22,4.693,1825.65,24.742,4.3320
2021-09-05,68.75,,4.724,1830.05,24.812,4.3325
2021-09-03,66.16,72.61,4.712,1840.10,24.790,4.3095
2021-09-02,66.63,73.03,4.641,1818.00,23.900,4.2825
2021-09-01,65.41,71.59,4.615,1822.70,24.201,4.2520
2021-08-31,65.15,72.99,4.377,1825.10,23.991,4.3350
2021-08-30,65.45,73.41,4.305,1819.20,23.992,4.3415
2021-08-27,65.10,72.70,4.370,1826.50,24.081,4.2975
2021-08-26,63.78,71.07,4.184,1802.20,23.567,4.2350
2021-08-25,64.67,72.25,3.897,1797.80,23.795,4.2560
2021-08-24,63.95,71.05,3.896,1815.20,23.909,4.2515
2021-08-23,62.23,68.75,3.945,1813.40,23.666,4.2060
2021-08-20,59.18,65.18,3.851,1791.00,23.120,4.1180
2021-08-19,60.46,66.45,3.830,1790.40,23.239,4.0435
2021-08-18,62.02,68.23,3.852,1791.90,23.430,4.1195
2021-08-17,62.91,69.03,3.837,1795.20,23.666,4.2000
2021-08-16,63.58,69.51,3.946,1797.80,23.799,4.3080
2021-08-13,64.52,70.59,3.861,1786.10,23.787,4.3605
2021-08-12,65.06,71.31,3.933,1759.70,23.122,4.3330
2021-08-11,65.07,71.44,4.059,1761.20,23.496,4.3465
2021-08-10,64.25,70.63,4.089,1739.30,23.402,4.3335
2021-08-09,62.88,69.04,4.060,1734.40,23.279,4.2710
2021-08-06,64.36,70.70,4.140,1770.80,24.339,4.3235
2021-08-05,64.57,71.29,4.140,1816.30,25.303,4.3200
2021-08-04,63.59,70.38,4.158,1821.60,25.474,4.3120
2021-08-03,65.00,72.41,4.027,1821.30,25.595,4.3600
2021-08-02,65.11,72.89,3.935,1829.10,25.590,4.4000
2021-07-30,67.18,76.33,3.914,1823.80,25.560,4.4290
2021-07-29,67.09,76.05,4.059,1842.40,25.799,4.4760
2021-07-28,66.00,74.74,4.044,1811.30,24.877,4.4300
2021-07-27,65.44,74.48,3.971,1810.50,24.649,4.4610
2021-07-26,65.55,74.50,4.102,1810.10,25.318,4.4945
2021-07-23,65.49,74.10,4.060,1812.70,25.233,4.3640
2021-07-22,65.30,73.79,4.003,1816.40,25.381,4.3190
2021-07-21,64.37,72.23,3.959,1814.30,25.255,4.2585
2021-07-20,62.03,69.35,3.876,1822.10,24.995,4.2535
2021-07-19,61.47,68.62,3.779,1820.20,25.144,4.1920
2021-07-16,65.76,73.59,3.674,1826.40,25.795,4.3095
2021-07-15,65.36,73.47,3.614,1840.50,26.394,4.3085
2021-07-14,66.09,74.76,3.660,1836.70,26.271,4.2575
2021-07-13,67.45,76.49,3.696,1821.60,26.140,4.2940
2021-07-12,66.23,75.16,3.749,1817.20,26.239,4.3065
2021-07-09,66.26,75.55,3.674,1821.80,26.234,4.3395
2021-07-08,64.97,74.12,3.688,1811.10,25.987,4.2610
2021-07-07,64.34,73.43,3.596,1813.00,26.129,4.3100
2021-07-06,65.21,74.53,3.637,1805.00,26.174,4.2405
2021-07-05,76.25,77.16,3.790,1791.30,26.538,4.3440
2021-07-04,75.14,,3.719,1786.40,,
2021-07-02,67.13,76.17,3.700,1794.20,26.501,4.2700
2021-07-01,66.90,75.84,3.661,1787.70,26.100,4.2235
2021-06-30,66.01,75.13,3.650,1782.50,26.194,4.2735
2021-06-29,65.89,74.76,3.630,1774.30,25.901,4.2490
2021-06-28,65.84,74.68,3.617,1791.50,26.239,4.2820
2021-06-25,66.59,76.18,3.496,1788.90,26.106,4.2895
2021-06-24,66.19,75.56,3.418,1787.90,26.069,4.3105
2021-06-23,65.84,75.19,3.333,1794.50,26.132,4.3285
2021-06-22,65.45,74.81,3.258,1788.30,25.876,4.2190
2021-06-21,65.19,74.90,3.191,1793.80,26.043,4.1890
2021-06-18,64.24,73.51,3.215,1780.00,25.985,4.1775
2021-06-17,63.90,73.08,3.253,1785.30,25.873,4.2015
2021-06-16,65.13,74.39,3.251,1871.90,27.828,4.4020
2021-06-15,64.99,73.99,3.240,1867.00,27.710,4.3515
2021-06-14,64.43,72.86,3.352,1876.40,28.054,4.5405
2021-06-11,64.30,72.69,3.296,1890.10,28.161,4.5525
2021-06-10,64.15,72.52,3.149,1907.30,28.047,4.5045
2021-06-09,64.01,72.22,3.129,1906.40,28.017,4.5425
2021-06-08,63.95,72.22,3.128,1905.50,27.747,4.5690
2021-06-07,63.36,71.49,3.070,1909.80,28.033,4.5455
2021-06-04,63.34,71.89,3.097,1903.20,27.910,4.5400
2021-06-03,62.77,71.31,3.041,1884.70,27.492,4.4800
2021-06-02,62.78,71.35,3.075,1921.30,28.220,4.5990
2021-06-01,62.02,70.25,3.104,1916.70,28.119,4.6550
2021-05-31,66.96,69.32,3.055,1911.15,28.192,4.6810
2021-05-30,66.59,,3.037,1906.75,28.058,4.6937
2021-05-28,60.83,69.63,2.986,1916.80,28.031,4.6760
2021-05-27,61.34,69.46,2.958,1910.60,27.955,4.6615
2021-05-26,60.99,68.87,2.984,1915.00,27.877,4.5290
2021-05-25,60.78,68.65,2.913,1911.60,28.056,4.5085
2021-05-24,60.78,68.46,2.886,1897.50,27.905,4.5290
2021-05-21,59.05,66.44,2.906,1889.20,27.486,4.4825
2021-05-20,57.93,65.11,2.925,1894.20,28.067,4.5650
2021-05-19,58.86,66.66,2.964,1893.90,28.025,4.5720
2021-05-18,60.62,68.71,3.012,1880.50,28.333,4.7130
2021-05-17,61.10,69.46,3.109,1880.00,28.274,4.7020
2021-05-14,60.59,68.71,2.961,1851.60,27.365,4.6440
2021-05-13,59.67,67.05,2.973,1837.30,27.059,4.6680
2021-05-12,61.76,69.32,2.969,1835.80,27.244,4.7085
2021-05-11,60.97,68.55,2.955,1849.10,27.667,4.7350
2021-05-10,60.52,68.32,2.932,1850.70,27.492,4.6790
2021-05-07,60.31,68.28,2.958,1844.30,27.477,4.6995
2021-05-06,59.92,68.09,2.928,1828.60,27.477,4.5565
2021-05-05,60.23,68.96,2.938,1797.60,26.522,4.4830
2021-05-04,60.17,68.88,2.967,1789.30,26.558,4.4765
2021-05-03,59.04,67.56,2.966,1804.30,26.960,4.4850
2021-04-30,58.18,67.25,2.931,1780.20,25.873,4.4280
2021-04-29,59.38,68.56,2.911,1780.70,26.085,4.4385
2021-04-28,58.69,67.27,2.925,1786.70,26.102,4.4495
2021-04-27,58.17,66.42,2.873,1791.60,26.430,4.4455
2021-04-26,57.49,65.65,2.790,1792.80,26.228,4.4035
2021-04-23,57.60,66.11,2.730,1790.30,26.095,4.3055
2021-04-22,57.04,65.40,2.749,1794.90,26.200,4.2500
2021-04-21,56.66,65.32,2.692,1806.20,26.586,4.2545
2021-04-20,57.38,66.57,2.727,1791.20,25.854,4.1925
2021-04-19,57.99,67.05,2.749,1783.40,25.852,4.2140
2021-04-16,57.98,66.77,2.680,1792.80,26.120,4.1355
2021-04-15,58.27,66.94,2.658,1779.60,25.979,4.1815
2021-04-14,58.48,66.58,2.618,1748.90,25.539,4.0980
2021-04-13,56.68,63.67,2.619,1759.90,25.442,4.0130
2021-04-12,56.15,63.28,2.561,1744.90,24.882,4.0000
2021-04-09,55.64,62.95,2.526,1756.80,25.341,4.0145
2021-04-08,55.57,63.20,2.522,1770.20,25.604,4.0645
2021-04-07,56.24,63.16,2.520,1753.10,25.267,4.0205
2021-04-06,55.99,62.74,2.456,1754.60,25.247,4.0725
2021-04-05,55.23,62.15,2.511,1740.70,24.801,4.1005
2021-04-01,56.86,64.86,2.639,1739.80,24.961,3.9585
2021-03-31,54.41,63.54,2.608,1727.30,24.552,3.9625
2021-03-30,55.20,64.14,2.623,1697.70,24.157,3.9440
2021-03-29,55.92,64.98,2.586,1726.20,24.771,3.9955
2021-03-26,55.84,64.57,2.557,1746.00,25.114,4.0235
2021-03-25,54.12,61.95,2.570,1738.90,25.047,3.9370
2021-03-24,56.05,64.41,2.518,1747.00,25.231,4.0255
2021-03-23,53.99,60.79,2.508,1739.30,25.227,4.0345
2021-03-22,56.12,64.62,2.582,1752.20,25.769,4.0895
2021-03-19,55.89,64.53,2.535,1755.40,26.321,4.0570
2021-03-18,55.09,63.28,2.481,1746.20,26.351,4.0570
2021-03-17,57.92,68.00,2.528,1740.30,26.058,4.0715
2021-03-16,57.80,68.39,2.562,1744.50,26.003,4.0260
2021-03-15,58.00,68.88,2.484,1742.90,26.288,4.0860
2021-03-12,58.07,69.22,2.600,1733.20,25.911,4.0870
2021-03-11,58.21,69.63,2.668,1737.30,26.193,4.0880
2021-03-10,57.21,67.90,2.692,1737.30,26.130,3.9740
2021-03-09,57.11,67.52,2.662,1733.30,26.183,3.9470
2021-03-08,57.49,68.24,2.664,1694.90,25.269,4.0255
2021-03-05,57.95,69.36,2.701,1716.30,25.287,4.0105
2021-03-04,56.27,66.74,2.746,1717.70,25.461,3.9160
2021-03-03,54.97,64.07,2.816,1732.60,26.387,4.0745
2021-03-02,53.83,62.70,2.839,1750.30,26.879,4.1375
2021-03-01,54.03,63.69,2.777,1739.60,26.678,4.0490
2021-02-26,54.57,66.13,2.771,1745.90,26.440,4.0230
2021-02-25,56.22,66.88,2.777,1791.30,27.685,4.1745
2021-02-24,56.18,67.04,2.854,1811.40,27.894,4.2180
2021-02-23,54.71,65.37,2.879,1818.90,27.717,4.1060
2021-02-22,54.48,65.24,2.953,1821.40,28.111,4.0680
2021-02-19,53.06,62.91,3.069,1791.30,27.279,3.9915
2021-02-18,53.47,63.93,3.082,1789.00,27.098,3.8250
2021-02-17,53.67,64.34,3.219,1787.20,27.335,3.7530
2021-02-16,53.40,63.35,3.129,1813.60,27.341,3.7535
2021-02-15,60.09,63.30,3.067,1818.75,27.672,3.8218
2021-02-14,60.37,,3.035,1821.05,27.510,3.8003
2021-02-12,52.75,62.43,2.912,1837.60,27.348,3.7185
2021-02-11,52.16,61.14,2.868,1841.70,27.072,3.7210
2021-02-10,52.38,61.47,2.911,1857.50,27.108,3.7170
2021-02-09,52.10,61.09,2.835,1852.30,27.427,3.6570
2021-02-08,51.86,60.56,2.882,1848.40,27.589,3.6150
2021-02-05,51.01,59.34,2.863,1829.00,27.041,3.5890
2021-02-04,50.69,58.84,2.935,1806.90,26.261,3.5280
2021-02-03,50.42,58.46,2.789,1851.10,26.914,3.5320
2021-02-02,49.95,57.46,2.845,1847.60,26.426,3.4975
2021-02-01,49.22,56.35,2.850,1876.00,29.441,3.5155
2021-01-29,48.26,55.88,2.564,1864.00,26.937,3.5245
2021-01-28,48.40,55.53,2.664,1855.80,25.945,3.5455
2021-01-27,48.82,55.81,2.760,1864.00,25.389,3.5470
2021-01-26,48.58,55.91,2.656,1870.00,25.538,3.6095
2021-01-25,48.79,55.88,2.602,1874.00,25.484,3.6140
2021-01-22,48.44,55.41,2.446,1874.60,25.556,3.6085
2021-01-21,49.02,56.10,2.491,1886.50,25.854,3.6305
2021-01-20,49.08,56.08,2.539,1887.50,25.766,3.6220
2021-01-19,49.15,55.90,2.546,1862.00,25.320,3.6130
2021-01-18,52.36,54.75,2.637,1836.60,25.045,3.6168
2021-01-17,52.20,,2.640,1809.75,24.253,3.5760
2021-01-15,49.09,55.10,2.737,1853.50,24.866,3.5920
2021-01-14,49.64,56.42,2.666,1876.30,25.802,3.6525
2021-01-13,49.44,56.06,2.727,1879.80,25.572,3.6085
2021-01-12,49.11,56.58,2.753,1869.50,25.435,3.5960
2021-01-11,48.44,55.66,2.747,1876.70,25.284,3.5610
2021-01-08,48.24,55.99,2.700,1861.30,24.637,3.6725
2021-01-07,47.48,54.38,2.729,1939.90,27.261,3.6915
2021-01-06,47.21,54.30,2.716,1936.30,27.042,3.6475
2021-01-05,47.32,53.60,2.702,1982.00,27.640,3.6355
2021-01-04,46.24,51.09,2.581,1973.80,27.364,3.5560
2020-12-31,46.65,51.80,2.539,1921.10,26.412,3.5185
2020-12-30,46.73,51.34,2.422,1918.90,26.573,3.5485
2020-12-29,46.67,51.09,2.467,1907.60,26.183,3.5500
2020-12-28,46.40,50.86,2.305,1904.50,26.510,3.5685
2020-12-24,46.79,51.29,2.518,1906.90,25.867,3.5595
2020-12-23,46.69,51.20,2.608,1901.10,25.885,3.5545
2020-12-22,45.85,50.08,2.780,1894.20,25.500,3.5225
2020-12-21,46.49,50.91,2.705,1906.00,26.340,3.5780
2020-12-18,47.31,52.26,2.700,1911.80,26.001,3.6265
2020-12-17,46.97,51.50,2.636,1913.10,26.150,3.5925
2020-12-16,46.35,51.08,2.677,1882.10,25.018,3.5545
2020-12-15,46.12,50.76,2.682,1879.30,24.614,3.5445
2020-12-14,45.71,50.29,2.682,1856.30,24.022,3.5350
2020-12-11,45.32,49.97,2.591,1867.10,24.067,3.5300
2020-12-10,45.50,50.25,2.553,1860.90,24.073,3.5700
2020-12-09,44.91,48.86,2.442,1861.70,23.963,3.5165
2020-12-08,44.94,48.84,2.399,1899.80,24.711,3.5070
2020-12-07,44.84,48.79,2.406,1891.30,24.776,3.5240
2020-12-04,44.76,49.25,2.575,1865.60,24.232,3.5255
2020-12-03,44.08,48.71,2.507,1865.10,24.120,3.4915
2020-12-02,44.37,48.25,2.780,1854.60,24.066,3.4885
2020-12-01,44.17,47.42,2.880,1844.60,24.080,3.4940
2020-11-30,44.92,47.59,2.882,1807.20,22.583,3.4465
2020-11-27,45.18,48.18,2.843,1814.80,22.614,3.4240
2020-11-26,44.98,47.80,2.930,1807.00,23.215,3.3478
2020-11-25,45.25,48.61,2.896,1837.50,23.387,3.3450
2020-11-24,44.56,47.86,2.775,1839.00,23.330,3.3295
2020-11-23,43.76,46.06,2.711,1872.70,23.675,3.2915
2020-11-20,43.52,44.96,2.650,1906.30,24.406,3.3175
2020-11-19,43.29,44.20,2.592,1895.30,24.085,3.2380
2020-11-18,43.58,44.34,2.712,1907.10,24.480,3.2320
2020-11-17,43.27,43.75,2.692,1920.90,24.686,3.2325
2020-11-16,43.28,43.82,2.697,1924.80,24.837,3.2495
2020-11-13,42.70,42.78,2.995,1925.90,24.818,3.2040
2020-11-12,43.40,43.53,2.976,1912.80,24.350,3.1725
2020-11-11,43.72,43.80,3.031,1900.20,24.306,3.1635
2020-11-10,43.45,43.61,2.949,1916.50,24.502,3.1870
2020-11-09,43.18,42.40,2.859,1894.00,23.736,3.1835
2020-11-06,41.25,39.45,2.888,1992.20,25.702,3.1835
2020-11-05,42.26,40.93,2.942,1986.40,25.232,3.1350
2020-11-04,42.58,41.23,3.046,1935.10,23.933,3.1255
2020-11-03,41.57,39.71,3.059,1948.60,24.374,3.1085
2020-11-02,41.35,38.97,3.244,1931.10,24.073,3.1050
2020-10-30,40.03,37.46,3.354,1918.30,23.694,3.0765
2020-10-29,39.85,37.65,3.301,1906.90,23.408,3.0840
2020-10-28,40.73,39.12,2.996,1918.90,23.359,3.0905
2020-10-27,42.13,41.20,3.019,1952.00,24.570,3.1205
2020-10-26,41.46,40.46,3.024,1946.00,24.420,3.1100
2020-10-23,42.36,41.77,2.971,1944.10,24.675,3.1475
2020-10-22,43.02,42.46,3.007,1943.10,24.709,3.1675
2020-10-21,42.56,41.73,3.023,1967.50,25.241,3.2020
2020-10-20,43.79,43.16,2.913,1953.50,24.980,3.1550
2020-10-19,43.30,42.62,2.795,1950.20,24.698,3.1075
2020-10-16,43.27,42.93,2.773,1945.40,24.405,3.0905
2020-10-15,43.40,43.16,2.775,1947.80,24.224,3.1145
2020-10-14,43.46,43.32,2.636,1947.00,24.395,3.0910
2020-10-13,43.02,42.45,2.855,1933.50,24.129,3.0820
2020-10-12,42.66,41.72,2.881,1967.70,25.271,3.0975
2020-10-09,43.31,42.85,2.741,1965.00,25.108,3.1030
2020-10-08,43.84,43.34,2.627,1934.50,23.876,3.0680
2020-10-07,43.18,41.99,2.606,1928.50,23.896,3.0715
2020-10-06,43.87,42.65,2.520,1945.30,23.921,3.0100
2020-10-05,43.06,41.29,2.615,1956.00,24.560,3.0035
2020-10-02,41.42,39.27,2.438,1943.40,24.029,3.0120
2020-10-01,42.71,40.93,2.527,1952.20,24.254,2.9030
2020-09-30,43.59,40.95,2.527,1931.70,23.494,3.0640
2020-09-29,42.77,41.03,2.561,1939.20,24.445,3.0155
2020-09-28,43.85,42.43,2.101,1872.80,23.572,3.0210
2020-09-25,43.58,41.92,2.139,1857.80,23.066,2.9945
2020-09-24,43.77,41.94,2.248,1868.90,23.162,2.9875
2020-09-23,43.46,41.77,2.125,1860.50,23.069,3.0110
2020-09-22,43.42,41.72,1.834,1899.30,24.488,3.0660
2020-09-21,43.23,41.44,1.835,1902.10,24.356,3.0355
2020-09-18,44.54,43.15,2.048,1953.20,27.092,3.1220
2020-09-17,44.71,43.30,2.042,1941.30,27.066,3.0925
2020-09-16,44.40,42.22,2.267,1962.00,27.443,3.0905
2020-09-15,43.74,40.53,2.362,1958.00,27.429,3.0955
2020-09-14,43.04,39.61,2.310,1954.70,27.310,3.1015
2020-09-11,42.95,39.83,2.269,1939.50,26.813,3.0730
2020-09-10,43.11,40.06,2.323,1956.00,27.249,3.0360
2020-09-09,43.42,40.79,2.406,1946.80,27.041,3.0895
2020-09-08,42.66,39.78,2.400,1935.10,26.947,3.0645
2020-09-07,39.20,42.01,2.541,1937.10,27.065,3.0697
2020-09-06,38.75,,2.561,1940.65,27.043,3.0745
2020-09-04,44.73,42.66,2.588,1926.20,26.659,3.1015
2020-09-03,45.50,44.07,2.487,1930.20,26.828,3.0240
2020-09-02,45.33,44.43,2.486,1936.90,27.343,3.0690
2020-09-01,46.01,45.58,2.527,1970.80,28.575,3.0740
2020-08-31,45.66,45.28,2.630,1970.50,28.530,3.1050
2020-08-28,46.17,45.05,2.657,1966.80,27.730,3.0580
2020-08-27,45.78,45.09,2.579,1922.30,27.090,3.0380
2020-08-26,46.25,45.64,2.461,1941.70,27.514,3.0320
2020-08-25,46.33,45.86,2.489,1912.50,26.328,3.0060
2020-08-24,45.97,45.13,2.513,1928.60,26.661,3.0020
2020-08-21,45.45,44.35,2.448,1936.00,26.788,2.9890
2020-08-20,45.76,44.90,2.352,1935.40,27.192,3.0435
2020-08-19,45.91,45.37,2.426,1960.50,27.385,3.0830
2020-08-18,45.81,45.46,2.417,2001.60,28.115,3.0415
2020-08-17,45.85,45.37,2.339,1987.10,27.717,2.9845
2020-08-14,45.26,44.80,2.356,1938.80,26.133,2.9430
2020-08-13,45.38,44.96,2.182,1959.30,27.762,2.8965
2020-08-12,45.55,45.43,2.152,1937.50,26.023,2.9725
2020-08-11,44.89,44.50,2.171,1935.70,26.100,2.9590
2020-08-10,45.20,44.99,2.153,2027.30,29.311,2.9465
2020-08-07,44.92,44.40,2.238,2014.30,27.595,2.8800
2020-08-06,45.55,45.09,2.165,2054.60,28.470,2.9970
2020-08-05,45.42,45.17,2.191,2032.90,26.953,2.9975
2020-08-04,45.21,44.43,2.193,2004.20,26.091,2.9795
2020-08-03,45.01,44.15,2.101,1969.50,24.505,2.9880
2020-07-31,44.10,43.30,1.799,1968.00,24.304,2.9425
2020-07-30,43.73,42.94,1.829,1949.50,23.450,2.9780
2020-07-29,44.50,43.75,1.854,1953.40,24.321,2.9795
2020-07-28,44.32,43.22,1.800,1944.60,24.300,2.9775
2020-07-27,44.49,43.41,1.734,1931.00,24.501,2.9585
2020-07-24,44.11,43.34,1.808,1897.50,22.850,2.9435
2020-07-23,43.58,43.31,1.785,1890.00,22.988,2.9830
2020-07-22,43.90,44.29,1.681,1865.10,23.144,2.9785
2020-07-21,43.83,44.32,1.675,1843.90,21.557,3.0155
2020-07-20,43.49,43.28,1.641,1817.40,20.192,2.9745
2020-07-17,43.34,43.14,1.718,1810.00,19.764,2.9595
2020-07-16,43.27,43.37,1.723,1800.30,19.573,2.9585
2020-07-15,43.45,43.79,1.778,1813.80,19.761,2.9450
2020-07-14,43.13,42.90,1.746,1813.40,19.530,2.9935
2020-07-13,42.96,42.72,1.739,1814.10,19.788,3.0080
2020-07-10,43.37,43.24,1.805,1801.90,19.053,2.9530
2020-07-09,42.86,42.35,1.779,1803.80,18.962,2.8985
2020-07-08,43.29,43.29,1.824,1820.60,19.161,2.8745
2020-07-07,42.73,43.08,1.876,1809.90,18.699,2.8615
2020-07-06,42.62,43.10,1.830,1793.50,18.582,2.8355
2020-07-03,40.28,42.80,1.746,1787.60,18.315,2.6990
2020-07-02,42.49,43.14,1.734,1790.00,18.322,2.8230
2020-07-01,41.86,42.03,1.671,1779.90,18.218,2.8105
2020-06-30,41.40,41.15,1.751,1800.50,18.637,2.8015
2020-06-29,42.09,41.71,1.709,1781.20,18.064,2.7650
2020-06-26,41.21,41.02,1.495,1773.30,18.096,2.7520
2020-06-25,41.36,41.05,1.482,1763.10,17.968,2.7595
2020-06-24,40.86,40.31,1.597,1768.10,17.734,2.7395
2020-06-23,42.07,42.63,1.637,1774.10,18.155,2.7500
2020-06-22,42.35,43.08,1.664,1758.40,17.992,2.7445
2020-06-19,41.76,42.19,1.669,1747.10,17.937,2.7115
2020-06-18,41.56,41.51,1.638,1726.00,17.601,2.6980
2020-06-17,41.38,40.71,1.638,1730.30,17.860,2.7000
2020-06-16,42.10,40.96,1.614,1731.50,17.735,2.6770
2020-06-15,41.55,39.72,1.669,1721.80,17.484,2.6740
2020-06-12,40.56,38.73,1.731,1732.00,17.563,2.7005
2020-06-11,40.64,38.55,1.813,1734.70,17.970,2.6785
2020-06-10,42.55,41.73,1.780,1715.50,17.884,2.7445
2020-06-09,42.32,41.18,1.767,1717.00,17.896,2.6925
2020-06-08,41.62,40.80,1.789,1699.90,17.995,2.6605
2020-06-05,42.71,42.30,1.782,1678.50,17.534,2.6450
2020-06-04,41.97,39.99,1.822,1721.80,18.116,2.5795
2020-06-03,41.69,39.79,1.821,1701.00,18.013,2.5765
2020-06-02,41.24,39.57,1.777,1728.90,18.315,2.5805
2020-06-01,40.90,38.32,1.774,1743.30,18.869,2.5630
2020-05-29,40.94,35.33,1.849,1742.90,18.541,2.5255
2020-05-28,40.18,35.29,1.827,1719.80,18.009,2.5150
2020-05-27,39.59,34.74,1.722,1710.70,17.757,2.4855
2020-05-26,40.08,36.17,1.793,1705.60,17.595,2.5170
2020-05-25,33.92,35.53,1.864,1727.00,17.642,2.4060
2020-05-24,32.90,,1.863,1730.65,17.645,2.3970
2020-05-22,38.97,35.13,1.731,1735.50,17.693,2.4855
2020-05-21,39.21,36.06,1.710,1721.90,17.364,2.5305
2020-05-20,39.25,35.75,1.771,1752.10,18.031,2.5525
2020-05-19,38.54,34.65,1.830,1745.60,17.901,2.5135
2020-05-18,38.69,34.81,1.783,1734.40,17.468,2.4960
2020-05-15,37.09,32.50,1.646,1756.30,17.070,2.4240
2020-05-14,36.84,31.13,1.681,1740.90,16.156,2.4380
2020-05-13,36.24,29.19,1.616,1716.40,15.671,2.4440
2020-05-12,36.11,29.98,1.720,1706.80,15.709,2.4515
2020-05-11,36.38,29.63,1.826,1698.00,15.680,2.4710
2020-05-08,37.54,30.97,1.823,1713.90,15.778,2.4990
2020-05-07,36.00,29.46,1.894,1725.80,15.590,2.4700
2020-05-06,35.90,29.72,1.944,1688.50,15.015,2.4420
2020-05-05,36.68,30.97,2.134,1710.60,15.110,2.4225
2020-05-04,35.59,27.20,1.993,1713.30,14.796,2.3995
2020-05-01,35.61,26.44,1.890,1700.90,14.938,2.3925
2020-04-30,36.71,25.27,1.949,1694.20,14.973,2.4220
2020-04-29,35.49,22.54,1.869,1713.40,15.315,2.4530
2020-04-28,35.33,20.46,1.794,1710.60,15.260,2.4320
2020-04-27,35.12,19.99,1.819,1712.60,15.299,2.4300
2020-04-24,35.38,21.44,1.746,1724.20,15.352,2.4245
2020-04-23,35.55,21.33,1.815,1733.40,15.381,2.4070
2020-04-22,36.13,20.37,1.939,1727.40,15.359,2.4000
2020-04-21,34.55,19.33,1.821,1678.30,14.900,2.3600
2020-04-20,37.95,25.57,1.924,1703.40,15.638,2.4225
2020-04-17,38.36,28.08,1.753,1690.80,15.319,2.4330
2020-04-16,38.22,27.82,1.686,1722.70,15.646,2.3825
2020-04-15,38.18,27.69,1.598,1729.60,15.529,2.3825
2020-04-14,39.89,29.60,1.650,1759.10,16.154,2.4180
2020-04-13,39.17,31.74,1.724,1749.80,15.561,2.4015
2020-04-09,38.40,31.48,1.733,1739.90,16.077,2.3550
2020-04-08,38.36,32.84,1.783,1674.10,15.229,2.3515
2020-04-07,38.61,31.87,1.852,1672.60,15.504,2.3470
2020-04-06,38.26,33.05,1.731,1684.00,15.193,2.2890
2020-04-03,37.55,34.11,1.621,1637.60,14.518,2.2605
2020-04-02,38.02,29.94,1.552,1630.70,14.678,2.2890
2020-04-01,38.13,24.74,1.587,1584.10,14.008,2.2500
2020-03-31,39.33,22.74,1.640,1589.30,14.180,2.2975
2020-03-30,39.34,22.76,1.690,1637.10,14.156,2.2310
2020-03-27,38.93,24.93,1.634,1625.00,14.534,2.2420
2020-03-26,38.28,26.34,1.637,1651.20,14.676,2.2525
2020-03-25,38.88,27.39,1.659,1633.40,14.873,2.2745
2020-03-24,37.66,27.15,1.653,1660.80,14.257,2.2480
2020-03-23,36.88,27.03,1.602,1567.60,13.261,2.1665
2020-03-20,35.71,26.98,1.604,1484.60,12.385,2.2395
2020-03-19,37.18,28.47,1.654,1479.30,12.134,2.2660
2020-03-18,35.84,24.88,1.604,1477.90,11.772,2.2305
2020-03-17,39.52,28.73,1.729,1525.80,12.495,2.3885
2020-03-16,39.67,30.05,1.815,1486.50,12.816,2.4645
2020-03-13,42.42,33.85,1.869,1516.70,14.500,2.5305
2020-03-12,43.38,33.22,1.841,1590.30,16.005,2.5385
2020-03-11,44.10,35.79,1.878,1642.30,16.776,2.5665
2020-03-10,44.30,37.22,1.936,1660.30,16.955,2.5860
2020-03-09,42.82,34.36,1.778,1675.70,17.054,2.5750
2020-03-06,47.19,45.27,1.708,1672.40,17.263,2.6245
2020-03-05,48.32,49.99,1.772,1668.00,17.393,2.6430
2020-03-04,48.66,51.13,1.827,1643.00,17.246,2.6545
2020-03-03,48.65,51.86,1.800,1644.40,17.188,2.6420
2020-03-02,48.44,51.90,1.756,1594.80,16.739,2.6645
2020-02-28,47.39,50.52,1.684,1566.70,16.457,2.6115
2020-02-27,48.81,52.18,1.752,1642.50,17.735,2.6340
2020-02-26,49.14,53.43,1.821,1640.40,17.874,2.6390
2020-02-25,49.57,54.95,1.847,1647.00,18.229,2.6480
2020-02-24,51.05,56.30,1.827,1673.50,18.923,2.6550
2020-02-21,51.36,58.50,1.905,1645.10,18.579,2.6895
2020-02-20,51.59,59.31,1.920,1617.40,18.367,2.6720
2020-02-19,51.60,59.12,1.955,1608.80,18.359,2.6900
2020-02-18,51.28,57.75,1.981,1601.00,18.192,2.6880
2020-02-17,52.20,57.67,1.930,1587.05,17.788,2.6200
2020-02-16,52.36,,1.902,1586.25,17.718,2.6070
2020-02-14,50.90,57.32,1.837,1583.80,17.775,2.6805
2020-02-13,50.75,56.34,1.826,1576.30,17.660,2.6950
2020-02-12,50.99,55.79,1.844,1568.80,17.537,2.6850
2020-02-11,50.96,54.01,1.788,1567.20,17.638,2.6700
2020-02-10,51.12,53.27,1.766,1576.60,17.826,2.6370
2020-02-07,51.04,54.47,1.858,1570.60,17.733,2.6400
2020-02-06,50.85,54.93,1.862,1567.20,17.857,2.6755
2020-02-05,50.10,55.28,1.861,1560.10,17.643,2.6595
2020-02-04,49.71,53.96,1.872,1552.70,17.600,2.6290
2020-02-03,49.72,54.45,1.819,1579.50,17.712,2.5920
2020-01-31,49.60,58.16,1.841,1584.90,18.052,2.5950
2020-01-30,49.64,58.29,1.829,1586.50,18.032,2.5995
2020-01-29,49.66,59.81,1.877,1570.40,17.487,2.6195
2020-01-28,49.69,59.51,1.934,1569.80,17.458,2.6345
2020-01-27,49.46,59.32,1.902,1577.40,18.056,2.6560
2020-01-24,49.38,60.69,1.893,1571.90,18.113,2.7420
2020-01-23,50.26,62.04,1.926,1565.40,17.829,2.7840
2020-01-22,51.34,63.21,1.905,1556.70,17.828,2.8235
2020-01-21,52.00,64.59,1.895,1557.90,17.808,2.8475
2020-01-20,58.73,65.20,1.938,1561.25,18.073,2.8440
2020-01-19,59.27,,1.905,1557.05,18.043,2.8510
2020-01-17,51.74,64.85,2.003,1560.30,18.073,2.8960
2020-01-16,51.71,64.62,2.077,1550.50,17.939,2.8965
2020-01-15,51.47,64.00,2.120,1554.00,17.988,2.9180
2020-01-14,51.82,64.49,2.187,1544.60,17.742,2.9250
2020-01-13,51.69,64.20,2.182,1550.60,17.996,2.9100
2020-01-10,51.85,64.98,2.202,1560.10,18.105,2.8645
2020-01-09,51.98,65.37,2.166,1554.30,17.936,2.8525
2020-01-08,51.63,65.44,2.141,1560.20,18.167,2.8600
2020-01-07,52.70,68.27,2.162,1574.30,18.393,2.8455
2020-01-06,52.42,68.91,2.135,1568.80,18.179,2.8395
2020-01-03,52.29,68.60,2.130,1552.40,18.151,2.8375
2020-01-02,52.38,66.25,2.122,1528.10,18.046,2.8755
2020-01-01,61.33,,2.179,1520.95,17.938,2.8060
2019-12-31,51.97,66.00,2.189,1523.10,17.921,2.8510
2019-12-30,52.44,68.44,2.186,1518.60,18.001,2.8805
2019-12-27,52.51,68.16,2.158,1514.30,17.900,2.8765
2019-12-26,52.18,67.92,2.294,1510.70,17.956,2.8960
2019-12-25,61.19,,2.236,1504.05,17.832,2.8380
2019-12-24,52.17,67.20,2.172,1500.60,17.821,2.8730
2019-12-23,51.95,66.39,2.214,1484.30,17.463,2.8530
2019-12-20,51.83,66.14,2.328,1477.00,17.184,2.8515
2019-12-19,51.78,66.54,2.273,1480.20,17.116,2.8690
2019-12-18,51.86,66.17,2.286,1474.70,17.010,2.8600
2019-12-17,51.91,66.10,2.319,1477.00,17.036,2.8635
2019-12-16,52.12,65.34,2.341,1477.90,17.077,2.8585
2019-12-13,51.81,65.22,2.296,1478.60,16.976,2.8360
2019-12-12,51.75,64.20,2.328,1469.80,16.912,2.8545
2019-12-11,51.50,63.72,2.243,1472.70,16.810,2.8470
2019-12-10,51.82,64.34,2.264,1465.90,16.664,2.8255
2019-12-09,51.50,64.25,2.232,1462.80,16.600,2.8170
2019-12-06,51.48,64.39,2.334,1462.50,16.557,2.7870
2019-12-05,51.60,63.39,2.427,1480.30,17.019,2.7255
2019-12-04,51.87,63.00,2.399,1477.50,16.881,2.7190
2019-12-03,51.08,60.82,2.441,1481.60,17.204,2.6850
2019-12-02,51.01,60.92,2.329,1466.40,16.916,2.7140
2019-11-29,50.18,62.43,2.281,1470.00,17.060,2.7235
2019-11-28,58.08,63.87,2.463,1462.25,17.032,2.6700
2019-11-27,51.89,64.06,2.501,1457.90,17.009,2.7535
2019-11-26,52.11,64.27,2.470,1460.30,17.096,2.7565
2019-11-25,51.90,63.65,2.531,1456.90,16.939,2.7200
2019-11-22,51.76,63.39,2.665,1463.60,17.054,2.7175
2019-11-21,52.13,63.97,2.567,1463.60,17.116,2.6985
2019-11-20,51.52,62.40,2.559,1474.20,17.166,2.7225
2019-11-19,50.66,60.91,2.510,1474.30,17.169,2.7295
2019-11-18,51.28,62.44,2.566,1471.90,17.051,2.6935
2019-11-15,51.73,63.30,2.688,1468.50,16.999,2.7100
2019-11-14,51.27,62.28,2.647,1473.40,17.078,2.6960
2019-11-13,51.76,62.37,2.600,1463.30,16.963,2.7110
2019-11-12,51.56,62.06,2.621,1453.70,16.740,2.7170
2019-11-11,51.46,62.18,2.637,1457.10,16.852,2.7320
2019-11-08,51.51,62.51,2.789,1462.90,16.870,2.7470
2019-11-07,51.21,62.29,2.772,1466.40,17.065,2.7885
2019-11-06,50.89,61.74,2.828,1493.10,17.654,2.7285
2019-11-05,51.79,62.96,2.862,1483.70,17.623,2.7615
2019-11-04,51.42,62.13,2.821,1511.10,18.123,2.7340
2019-11-01,51.71,61.69,2.714,1511.40,18.109,2.7120
2019-10-31,50.28,60.23,2.633,1514.80,18.124,2.7020
2019-10-30,50.40,60.61,2.691,1496.70,17.921,2.7470
2019-10-29,51.24,61.59,2.597,1487.40,17.831,2.7540
2019-10-28,51.20,61.57,2.446,1492.40,17.876,2.7480
2019-10-25,51.61,62.02,2.300,1501.70,17.926,2.7400
2019-10-24,51.30,61.67,2.316,1501.00,17.804,2.7335
2019-10-23,51.18,61.17,2.282,1491.80,17.580,2.7360
2019-10-22,50.61,59.70,2.272,1483.60,17.500,2.7055
2019-10-21,50.50,58.96,2.238,1484.20,17.602,2.7125
2019-10-18,50.31,59.42,2.320,1490.00,17.578,2.7015
2019-10-17,50.46,59.91,2.318,1494.20,17.612,2.6665
2019-10-16,50.43,59.42,2.303,1490.20,17.427,2.6600
2019-10-15,50.27,58.74,2.339,1479.70,17.384,2.6820
2019-10-14,50.92,59.35,2.280,1493.80,17.710,2.7005
2019-10-11,51.09,60.51,2.214,1484.70,17.544,2.6945
2019-10-10,50.26,59.10,2.218,1497.00,17.602,2.6775
2019-10-09,50.13,58.32,2.234,1508.90,17.810,2.6370
2019-10-08,50.26,58.24,2.288,1500.10,17.700,2.6405
2019-10-07,50.06,58.35,2.303,1500.70,17.540,2.6470
2019-10-04,50.15,58.37,2.352,1509.20,17.625,2.6320
2019-10-03,49.50,57.71,2.329,1510.10,17.676,2.6245
2019-10-02,49.89,57.69,2.247,1504.10,17.683,2.6400
2019-10-01,50.09,58.89,2.283,1485.20,17.302,2.6345
2019-09-30,50.03,60.78,2.330,1469.20,16.998,2.6530
2019-09-27,50.73,61.91,2.404,1502.70,17.652,2.6715
2019-09-26,50.99,62.74,2.428,1507.90,17.864,2.6515
2019-09-25,51.00,62.39,2.502,1505.10,18.024,2.6830
2019-09-24,51.19,63.10,2.503,1532.60,18.579,2.6775
2019-09-23,52.00,64.77,2.527,1524.00,18.661,2.6840
2019-09-20,51.13,64.28,2.534,1508.00,17.799,2.6800
2019-09-19,50.96,64.40,2.538,1499.50,17.835,2.6840
2019-09-18,51.04,63.60,2.637,1509.10,17.869,2.6880
2019-09-17,51.56,64.55,2.668,1506.90,18.088,2.7040
2019-09-16,51.98,69.02,2.681,1504.80,17.974,2.7205
2019-09-13,50.25,60.22,2.614,1492.90,17.515,2.7700
2019-09-12,50.76,60.38,2.574,1500.80,18.125,2.7125
2019-09-11,51.08,60.81,2.552,1496.60,18.116,2.6885
2019-09-10,51.63,62.38,2.580,1492.70,18.131,2.6980
2019-09-09,51.62,62.59,2.585,1504.50,18.116,2.6970
2019-09-06,51.38,61.54,2.496,1509.00,18.065,2.7060
2019-09-05,51.28,60.95,2.435,1519.00,18.752,2.7145
2019-09-04,51.20,60.70,2.445,1554.00,19.493,2.6655
2019-09-03,49.91,58.26,2.358,1549.60,19.186,2.6005
2019-09-02,54.66,58.66,2.312,1535.15,18.492,2.5320
2019-09-01,54.80,,2.275,1538.05,18.567,2.5520
2019-08-30,49.90,60.43,2.285,1523.00,18.293,2.6240
2019-08-29,51.09,61.08,2.296,1530.50,18.274,2.6480
2019-08-28,51.13,60.49,2.251,1538.80,18.364,2.6365
2019-08-27,50.99,59.51,2.202,1541.40,18.199,2.6260
2019-08-26,50.24,58.70,2.230,1527.20,17.685,2.6245
2019-08-23,50.41,59.34,2.152,1527.90,17.458,2.6125
2019-08-22,50.82,59.92,2.159,1498.70,17.086,2.6425
2019-08-21,50.78,60.30,2.170,1506.10,17.197,2.6655
2019-08-20,50.60,60.03,2.218,1506.30,17.194,2.6585
2019-08-19,50.84,59.74,2.210,1502.10,16.985,2.6820
2019-08-16,50.67,58.64,2.200,1514.10,17.162,2.6760
2019-08-15,50.69,58.23,2.232,1521.70,17.254,2.6775
2019-08-14,51.39,59.48,2.143,1518.50,17.326,2.6730
2019-08-13,52.70,61.30,2.147,1504.30,17.028,2.7110
2019-08-12,51.04,58.57,2.105,1507.70,17.116,2.6675
2019-08-09,51.24,58.53,2.119,1498.60,16.974,2.6710
2019-08-08,50.29,57.38,2.128,1499.70,16.976,2.6890
2019-08-07,50.07,56.23,2.083,1509.60,17.237,2.6565
2019-08-06,51.02,58.94,2.111,1475.20,16.485,2.6430
2019-08-05,51.43,59.81,2.070,1467.70,16.433,2.6315
2019-08-02,51.77,61.89,2.121,1448.70,16.309,2.6580
2019-08-01,50.14,60.50,2.202,1424.20,16.217,2.7510
2019-07-31,52.42,65.17,2.233,1429.10,16.444,2.7505
2019-07-30,52.33,64.72,2.137,1433.40,16.601,2.7600
2019-07-29,52.10,63.71,2.141,1420.40,16.440,2.7960
2019-07-26,52.59,63.46,2.169,1419.30,16.397,2.7675
2019-07-25,52.19,63.39,2.244,1414.70,16.411,2.7865
2019-07-24,51.92,63.18,2.220,1423.60,16.626,2.7920
2019-07-23,52.46,63.83,2.300,1421.70,16.476,2.7775
2019-07-22,52.71,63.26,2.312,1426.90,16.411,2.8040
2019-07-19,52.30,62.47,2.251,1426.70,16.195,2.8270
2019-07-18,51.39,61.93,2.287,1428.10,16.198,2.7825
2019-07-17,52.35,63.66,2.304,1423.30,15.971,2.7895
2019-07-16,52.32,64.35,2.306,1411.20,15.678,2.7750
2019-07-15,53.53,66.48,2.408,1413.50,15.365,2.7860
2019-07-12,53.96,66.72,2.453,1412.20,15.236,2.7730
2019-07-11,54.36,66.52,2.416,1406.70,15.146,2.7670
2019-07-10,54.93,67.01,2.444,1412.50,15.226,2.7705
2019-07-09,53.94,64.16,2.425,1400.50,15.147,2.7055
2019-07-08,53.50,64.11,2.403,1400.00,15.050,2.7405
2019-07-05,53.13,64.23,2.418,1400.10,15.001,2.7405
2019-07-04,56.80,63.30,2.285,1423.55,15.350,2.6800
2019-07-03,53.35,63.82,2.290,1420.90,15.336,2.7565
2019-07-02,52.26,62.40,2.240,1408.00,15.238,2.7445
2019-07-01,53.68,65.06,2.267,1389.30,15.193,2.7640
2019-06-28,53.52,66.55,2.308,1413.70,15.341,2.7885
2019-06-27,54.09,66.55,2.324,1412.00,15.294,2.7890
2019-06-26,54.24,66.49,2.291,1411.50,15.335,2.7885
2019-06-25,53.95,65.05,2.308,1415.80,15.342,2.8035
2019-06-24,53.55,64.86,2.303,1415.20,15.418,2.7705
2019-06-21,53.24,65.20,2.186,1397.30,15.331,2.7675
2019-06-20,53.33,64.45,2.185,1394.10,15.529,2.7665
2019-06-19,52.00,61.82,2.276,1345.80,14.994,2.7350
2019-06-18,52.34,62.14,2.328,1347.80,15.029,2.7510
2019-06-17,51.32,60.94,2.386,1340.00,14.863,2.7000
2019-06-14,51.55,62.01,2.387,1341.70,14.839,2.6935
2019-06-13,51.54,61.31,2.325,1340.80,14.926,2.7240
2019-06-12,50.97,59.97,2.386,1333.90,14.786,2.7240
2019-06-11,52.25,62.29,2.399,1328.30,14.774,2.7410
2019-06-10,51.75,62.29,2.357,1326.30,14.674,2.7275
2019-06-07,51.45,63.29,2.337,1343.30,15.065,2.6945
2019-06-06,50.65,61.67,2.324,1339.80,14.941,2.7200
2019-06-05,49.85,60.63,2.378,1330.60,14.826,2.6945
2019-06-04,51.08,61.97,2.416,1325.70,14.808,2.7400
2019-06-03,51.12,61.28,2.403,1324.90,14.780,2.7210
2019-05-31,50.82,64.49,2.454,1308.00,14.607,2.7070
2019-05-30,52.50,66.87,2.547,1289.90,14.530,2.7295
2019-05-29,53.79,69.45,2.633,1281.00,14.411,2.7425
2019-05-28,53.89,70.11,2.582,1277.10,14.320,2.7675
2019-05-27,59.16,70.11,2.584,1284.95,14.572,2.7130
2019-05-26,58.77,,2.610,1284.15,14.557,2.7010
2019-05-24,53.23,68.69,2.598,1283.60,14.555,2.7730
2019-05-23,52.18,67.76,2.578,1285.40,14.613,2.7565
2019-05-22,53.87,70.99,2.543,1274.20,14.449,2.7585
2019-05-21,54.62,72.18,2.613,1273.20,14.410,2.7875
2019-05-20,54.44,71.97,2.673,1277.30,14.445,2.7915
2019-05-17,53.88,72.21,2.631,1275.70,14.388,2.8060
2019-05-16,54.20,72.62,2.639,1286.20,14.539,2.8145
2019-05-15,54.16,71.77,2.601,1297.80,14.812,2.8045
2019-05-14,53.88,71.24,2.659,1296.30,14.812,2.7965
2019-05-13,53.44,70.23,2.621,1301.80,14.777,2.7900
2019-05-10,53.73,70.62,2.619,1287.40,14.790,2.8435
2019-05-09,53.83,70.39,2.595,1285.20,14.773,2.8400
2019-05-08,54.09,70.37,2.610,1281.40,14.862,2.8475
2019-05-07,53.52,69.88,2.537,1285.60,14.926,2.8660
2019-05-06,54.35,71.24,2.524,1283.80,14.927,2.9080
2019-05-03,53.92,70.85,2.567,1281.30,14.978,2.8905
2019-05-02,54.06,70.75,2.589,1272.00,14.617,2.8555
2019-05-01,55.17,72.18,2.620,1284.20,14.729,2.8840
2019-04-30,55.06,72.80,2.575,1285.70,14.984,2.9780
2019-04-29,54.87,72.04,2.593,1281.50,14.933,2.9705
2019-04-26,54.87,72.15,2.566,1285.50,15.049,2.9630
2019-04-25,55.46,74.35,2.514,1276.40,14.920,2.9345
2019-04-24,55.74,74.57,2.462,1276.60,14.956,2.9790
2019-04-23,55.74,74.51,2.455,1270.60,14.829,2.9660
2019-04-22,55.58,74.04,2.524,1274.70,15.016,2.9715
2019-04-18,55.34,71.97,2.490,1273.10,14.999,2.9880
2019-04-17,55.54,71.62,2.517,1273.80,14.979,3.0320
2019-04-16,55.83,71.72,2.572,1274.20,14.956,3.0030
2019-04-15,55.83,71.18,2.590,1288.50,15.021,3.0070
2019-04-12,55.43,71.55,2.660,1292.20,15.008,3.0110
2019-04-11,55.00,70.83,2.664,1290.50,14.911,2.9610
2019-04-10,55.08,71.73,2.700,1310.30,15.290,2.9975
2019-04-09,54.90,70.61,2.699,1305.10,15.259,2.9995
2019-04-08,54.62,71.10,2.708,1298.80,15.263,2.9930
2019-04-05,54.59,70.34,2.664,1292.60,15.132,2.9510
2019-04-04,54.48,69.40,2.643,1291.40,15.135,2.9620
2019-04-03,54.58,69.31,2.677,1292.30,15.153,2.9970
2019-04-02,54.36,69.37,2.684,1292.50,15.111,2.9585
2019-04-01,54.61,69.01,2.708,1291.20,15.148,2.9715
2019-03-29,54.42,68.39,2.662,1295.60,15.156,2.9805
2019-03-28,54.44,67.82,2.712,1292.50,15.019,2.9220
2019-03-27,54.21,67.83,2.713,1310.40,15.298,2.9125
2019-03-26,54.43,67.97,2.740,1315.00,15.429,2.9035
2019-03-25,54.57,67.21,2.755,1322.60,15.567,2.9135
2019-03-22,54.51,67.03,2.753,1312.30,15.407,2.8995
2019-03-21,54.95,67.86,2.821,1307.30,15.437,2.9580
2019-03-20,55.30,68.50,2.820,1301.70,15.318,2.9720
2019-03-19,55.32,67.61,2.874,1306.50,15.372,2.9690
2019-03-18,55.31,67.54,2.850,1301.50,15.322,2.9550
2019-03-15,55.19,67.16,2.795,1302.90,15.324,2.9510
2019-03-14,55.00,67.23,2.855,1295.10,15.171,2.9305
2019-03-13,55.19,67.55,2.820,1309.30,15.456,2.9710
2019-03-12,54.75,66.67,2.784,1298.10,15.413,2.9655
2019-03-11,54.69,66.58,2.772,1291.10,15.274,2.9380
2019-03-08,54.51,65.74,2.865,1299.30,15.349,2.9325
2019-03-07,54.85,66.30,2.866,1286.10,15.040,2.9530
2019-03-06,54.72,65.99,2.841,1287.60,15.085,2.9585
2019-03-05,54.78,65.86,2.884,1284.70,15.105,2.9685
2019-03-04,54.78,65.67,2.857,1287.50,15.105,2.9470
2019-03-01,53.80,65.07,2.859,1299.20,15.256,2.9665
2019-02-28,54.69,66.03,2.812,1316.10,15.634,2.9835
2019-02-27,54.77,66.39,2.799,1321.20,15.766,2.9945
2019-02-26,54.32,65.21,2.855,1325.30,15.879,2.9820
2019-02-25,54.13,64.76,2.836,1326.50,15.875,2.9745
2019-02-22,55.04,67.12,2.717,1329.70,15.960,2.9740
2019-02-21,55.25,67.07,2.697,1324.60,15.848,2.9330
2019-02-20,55.31,67.08,2.636,1344.10,16.225,2.9450
2019-02-19,55.20,66.45,2.662,1340.80,16.013,2.9110
2019-02-18,56.27,66.50,2.646,1329.55,15.787,2.8380
2019-02-17,56.33,,2.618,1324.25,15.748,2.8160
2019-02-15,54.66,66.25,2.625,1319.10,15.790,2.8440
2019-02-14,54.09,64.57,2.573,1311.30,15.575,2.8210
2019-02-13,53.95,63.61,2.575,1312.40,15.699,2.8135
2019-02-12,53.33,62.42,2.688,1311.30,15.740,2.8170
2019-02-11,53.07,61.51,2.642,1309.20,15.740,2.8350
2019-02-08,52.95,62.10,2.583,1315.90,15.859,2.8640
2019-02-07,52.93,61.63,2.551,1311.60,15.760,2.8790
2019-02-06,53.66,62.69,2.662,1311.70,15.749,2.8790
2019-02-05,53.83,61.98,2.662,1316.50,15.883,2.8655
2019-02-04,54.05,62.51,2.660,1316.60,15.928,2.8435
2019-02-01,54.17,62.75,2.734,1319.30,15.979,2.8270
2019-01-31,52.90,61.89,2.814,1322.30,16.120,2.8370
2019-01-30,53.61,61.65,2.854,1312.80,15.974,2.8225
2019-01-29,53.88,61.32,2.950,1308.90,15.839,2.7830
2019-01-28,53.31,59.93,2.911,1303.10,15.765,2.7410
2019-01-25,53.86,61.64,3.178,1298.10,15.699,2.7830
2019-01-24,53.68,61.09,3.099,1279.80,15.300,2.7125
2019-01-23,53.68,61.14,2.980,1284.00,15.380,2.7225
2019-01-22,53.78,61.50,3.040,1283.40,15.325,2.7225
2019-01-21,54.24,62.74,3.320,1279.05,15.283,2.6820
2019-01-20,53.65,,3.323,1282.05,15.363,2.7090
2019-01-18,53.44,62.70,3.482,1282.60,15.399,2.7660
2019-01-17,53.77,61.18,3.413,1292.30,15.536,2.7365
2019-01-16,54.35,61.32,3.384,1293.80,15.638,2.7220
2019-01-15,53.98,60.64,3.501,1288.40,15.620,2.6935
2019-01-14,53.30,58.99,3.591,1291.30,15.686,2.7065
2019-01-11,53.92,60.48,3.099,1289.50,15.656,2.7340
2019-01-10,55.04,61.68,2.969,1287.40,15.643,2.7085
2019-01-09,55.32,61.44,2.984,1292.00,15.735,2.7270
2019-01-08,53.99,58.72,2.967,1285.90,15.713,2.7245
2019-01-07,52.97,57.33,2.944,1289.90,15.756,2.6995
2019-01-04,53.01,57.06,3.044,1285.80,15.786,2.7110
2019-01-03,52.62,55.95,2.945,1294.80,15.797,2.6390
2019-01-02,52.24,54.91,2.958,1284.10,15.649,2.6810
2019-01-01,45.89,,2.982,1283.35,15.523,2.6520
2018-12-31,51.37,53.80,2.940,1281.30,15.540,2.6775
2018-12-28,50.32,52.20,3.303,1283.00,15.436,2.7165
2018-12-27,50.51,52.16,3.642,1277.40,15.260,2.7260
2018-12-26,52.08,54.47,3.543,1269.00,15.079,2.7410
2018-12-25,43.16,,3.490,1270.75,14.812,2.6610
2018-12-24,49.38,50.47,3.467,1267.90,14.771,2.7000
2018-12-21,50.59,53.82,3.816,1254.60,14.646,2.7070
2018-12-20,50.58,54.35,3.583,1263.90,14.814,2.7340
2018-12-19,51.34,57.24,3.726,1252.60,14.771,2.7460
2018-12-18,50.30,56.26,3.838,1250.10,14.656,2.7000
2018-12-17,52.24,59.61,3.528,1248.20,14.714,2.7925
2018-12-14,52.11,60.28,3.827,1237.90,14.590,2.7935
2018-12-13,52.76,61.45,4.124,1243.70,14.805,2.7860
2018-12-12,51.99,60.15,4.136,1246.10,14.804,2.7875
2018-12-11,51.78,60.20,4.407,1242.80,14.578,2.7965
2018-12-10,51.58,59.97,4.545,1244.90,14.555,2.7695
2018-12-07,52.89,61.67,4.488,1248.20,14.647,2.8045
2018-12-06,53.08,60.06,4.327,1239.70,14.462,2.7975
2018-12-05,53.74,61.56,4.469,1239.10,14.537,2.8285
2018-12-04,54.01,62.08,4.457,1243.30,14.595,2.8205
2018-12-03,53.63,61.69,4.339,1236.90,14.453,2.8500
2018-11-30,52.16,58.71,4.612,1223.60,14.180,2.8220
2018-11-29,53.65,59.51,4.646,1227.90,14.356,2.8295
2018-11-28,53.12,58.76,4.715,1223.60,14.372,2.8455
2018-11-27,53.04,60.21,4.262,1213.40,14.136,2.7675
2018-11-26,52.32,60.48,4.248,1222.40,14.257,2.8080
2018-11-23,51.87,58.80,4.308,1223.20,14.287,2.8150
2018-11-22,54.02,62.60,4.268,1228.00,14.470,2.7980
2018-11-21,54.13,63.48,4.451,1228.00,14.542,2.8195
2018-11-20,53.12,62.53,4.523,1221.20,14.311,2.7950
2018-11-19,56.78,66.79,4.700,1225.30,14.444,2.8075
2018-11-16,56.72,66.76,4.272,1223.00,14.422,2.8390
2018-11-15,57.05,66.62,4.038,1215.00,14.304,2.8205
2018-11-14,58.44,66.12,4.837,1210.10,14.124,2.7945
2018-11-13,57.97,65.47,4.101,1201.40,14.023,2.7795
2018-11-12,60.06,70.12,3.788,1203.50,14.054,2.7625
2018-11-09,60.23,70.18,3.719,1208.60,14.184,2.7685
2018-11-08,60.74,70.65,3.543,1225.10,14.467,2.8290
2018-11-07,61.25,72.07,3.555,1228.70,14.612,2.8450
2018-11-06,58.63,72.13,3.555,1226.30,14.543,2.8240
2018-11-05,58.08,73.17,3.567,1232.30,14.691,2.8475
2018-11-02,57.65,72.83,3.284,1233.30,14.798,2.8930
2018-11-01,57.50,72.89,3.237,1238.60,14.821,2.8135
2018-10-31,58.96,75.47,3.261,1215.00,14.324,2.7535
2018-10-30,59.36,75.91,3.187,1225.30,14.504,2.7600
2018-10-29,60.42,77.34,3.185,1224.70,14.442,2.8365
2018-10-26,60.10,77.62,3.185,1232.40,14.700,2.8320
2018-10-25,59.29,76.89,3.202,1229.50,14.630,2.8530
2018-10-24,59.12,76.17,3.166,1228.40,14.676,2.8580
2018-10-23,59.09,76.44,3.212,1234.10,14.793,2.8600
2018-10-22,60.26,79.83,3.138,1222.00,14.587,2.8785
2018-10-19,59.11,79.78,3.250,1226.00,14.650,2.8715
2018-10-18,58.52,79.29,3.198,1227.40,14.604,2.8445
2018-10-17,58.76,80.05,3.320,1224.80,14.663,2.8675
2018-10-16,59.42,81.41,3.239,1228.40,14.701,2.8715
2018-10-15,59.21,80.78,3.242,1227.80,14.727,2.8705
2018-10-12,59.83,80.43,3.161,1219.50,14.635,2.8765
2018-10-11,60.15,80.26,3.222,1225.10,14.606,2.8800
2018-10-10,61.64,83.09,3.284,1190.80,14.326,2.8570
2018-10-09,63.13,85.00,3.266,1188.80,14.400,2.8895
2018-10-08,62.56,83.91,3.267,1185.80,14.329,2.8580
2018-10-05,62.53,84.16,3.143,1202.80,14.649,2.8550
2018-10-04,62.15,84.58,3.165,1198.80,14.590,2.8635
2018-10-03,63.26,86.29,3.230,1200.10,14.670,2.9195
2018-10-02,61.97,84.80,3.166,1204.20,14.693,2.8840
2018-10-01,61.91,84.98,3.094,1189.40,14.507,2.8720
2018-09-28,60.72,82.72,3.008,1193.90,14.712,2.8825
2018-09-27,60.19,81.72,3.056,1185.50,14.290,2.8645
2018-09-26,59.73,81.34,3.021,1194.40,14.354,2.9095
2018-09-25,59.96,81.87,3.082,1199.70,14.445,2.8960
2018-09-24,59.54,81.20,3.038,1199.60,14.296,2.9170
2018-09-21,58.84,78.80,2.977,1196.60,14.315,2.9315
2018-09-20,58.89,78.70,2.976,1206.60,14.262,2.8245
2018-09-19,59.10,79.40,2.908,1203.90,14.240,2.8210
2018-09-18,58.97,79.03,2.933,1198.50,14.145,2.8215
2018-09-17,58.84,78.05,2.814,1201.20,14.183,2.7575
2018-09-14,58.58,78.09,2.767,1196.20,14.106,2.7510
2018-09-13,58.14,78.18,2.817,1202.80,14.199,2.7870
2018-09-12,58.84,79.74,2.829,1205.50,14.246,2.7770
2018-09-11,58.08,79.06,2.828,1196.80,14.112,2.7225
2018-09-10,57.38,77.37,2.804,1194.50,14.138,2.7370
2018-09-07,57.26,76.83,2.776,1195.10,14.130,2.7325
2018-09-06,57.16,76.50,2.772,1199.00,14.141,2.7515
2018-09-05,57.60,77.27,2.795,1196.10,14.180,2.7225
2018-09-04,58.06,78.17,2.823,1194.00,14.145,2.7200
2018-09-03,70.12,78.15,2.865,1206.30,14.520,
2018-09-02,69.92,,2.897,1204.90,14.560,
2018-08-31,57.82,77.42,2.916,1201.60,14.517,2.7820
2018-08-30,58.22,77.77,2.874,1200.00,14.551,2.8265
2018-08-29,58.21,77.14,2.895,1204.20,14.733,2.8505
2018-08-28,58.01,75.95,2.852,1207.50,14.820,2.8655
2018-08-27,58.07,76.21,2.876,1209.20,14.901,2.8435
2018-08-24,57.94,75.82,2.917,1206.30,14.831,2.8350
2018-08-23,57.54,74.73,2.964,1187.20,14.577,2.7950
2018-08-22,57.42,74.78,2.956,1196.40,14.785,2.8095
2018-08-21,56.38,72.63,2.980,1193.20,14.799,2.8205
2018-08-20,56.45,72.21,2.941,1187.80,14.703,2.7990
2018-08-17,56.44,71.83,2.946,1177.30,14.664,2.7605
2018-08-16,56.18,71.43,2.908,1177.10,14.745,2.7460
2018-08-15,55.83,70.76,2.940,1178.20,14.488,2.7000
2018-08-14,56.44,72.46,2.959,1194.00,15.086,2.8205
2018-08-13,56.08,72.61,2.930,1192.20,15.016,2.8660
2018-08-10,56.42,72.81,2.944,1212.10,15.328,2.8775
2018-08-09,56.54,72.07,2.955,1213.00,15.495,2.9010
2018-08-08,56.25,72.28,2.949,1214.20,15.464,2.8850
2018-08-07,57.48,74.65,2.897,1211.20,15.405,2.8905
2018-08-06,56.91,73.75,2.860,1210.60,15.381,2.8720
2018-08-03,56.53,73.21,2.853,1215.90,15.495,2.9040
2018-08-02,56.41,73.45,2.816,1212.90,15.418,2.8775
2018-08-01,56.04,72.39,2.758,1220.30,15.488,2.8840
2018-07-31,56.75,74.25,2.782,1226.40,15.597,2.9585
2018-07-30,57.15,74.97,2.797,1224.20,15.667,2.9240
2018-07-27,57.17,74.29,2.822,1223.00,15.493,2.9270
2018-07-26,57.68,74.54,2.780,1225.70,15.495,2.9400
2018-07-25,57.44,73.93,2.775,1231.80,15.589,2.9415
2018-07-24,57.10,73.44,2.732,1225.50,15.520,2.9310
2018-07-23,56.52,73.06,2.721,1225.60,15.425,2.8665
2018-07-20,55.51,73.07,2.757,1231.10,15.549,2.8785
2018-07-19,55.32,72.58,2.769,1224.00,15.402,2.8215
2018-07-18,55.25,72.90,2.721,1227.90,15.574,2.8870
2018-07-17,54.57,72.16,2.740,1227.30,15.617,2.8795
2018-07-16,54.18,71.84,2.759,1239.70,15.812,2.8920
2018-07-13,55.93,75.33,2.752,1241.20,15.815,2.9100
2018-07-12,56.18,74.45,2.797,1246.60,15.977,2.9095
2018-07-11,55.39,73.40,2.829,1244.40,15.817,2.8735
2018-07-10,56.63,78.86,2.788,1255.40,16.087,2.9665
2018-07-09,56.67,78.07,2.828,1259.60,16.139,2.9705
2018-07-06,56.51,77.11,2.858,1255.80,16.069,2.9460
2018-07-05,56.11,77.39,2.837,1258.80,16.097,2.9450
2018-07-04,74.13,78.24,2.841,1258.10,16.130,
2018-07-03,55.63,77.76,2.870,1253.50,16.043,3.0340
2018-07-02,55.77,77.30,2.862,1241.70,15.835,3.0570
2018-06-29,56.02,79.44,2.924,1254.50,16.198,3.0765
2018-06-28,56.59,77.85,2.940,1251.00,16.041,3.0810
2018-06-27,57.12,77.62,2.996,1253.00,16.196,3.1220
2018-06-26,57.04,76.31,2.939,1258.00,16.293,3.1295
2018-06-25,56.00,74.73,2.923,1267.20,16.370,3.1270
2018-06-22,55.91,75.55,2.945,1268.90,16.499,3.1570
2018-06-21,54.79,73.05,2.975,1268.60,16.364,3.1505
2018-06-20,55.00,74.74,2.964,1272.40,16.348,3.1750
2018-06-19,55.06,75.08,2.900,1276.50,16.364,3.1855
2018-06-18,55.39,75.34,2.951,1278.00,16.481,3.2415
2018-06-15,54.65,73.44,3.022,1276.30,16.520,3.2760
2018-06-14,56.14,75.94,2.965,1306.20,17.299,3.3485
2018-06-13,57.01,76.74,2.963,1299.20,17.027,3.3800
2018-06-12,55.94,75.88,2.939,1297.20,16.927,3.3755
2018-06-11,56.08,76.46,2.949,1301.00,16.991,3.3750
2018-06-08,55.79,76.46,2.890,1300.50,16.781,3.4180
2018-06-07,55.55,77.32,2.930,1300.70,16.852,3.3910
2018-06-06,55.10,75.36,2.896,1299.20,16.730,3.3850
2018-06-05,55.36,75.38,2.890,1299.90,16.586,3.3260
2018-06-04,55.23,75.29,2.930,1295.10,16.476,3.2610
2018-06-01,55.61,76.79,2.962,1297.10,16.485,3.2325
2018-05-31,54.74,77.59,2.952,1302.60,16.503,3.1965
2018-05-30,54.66,77.50,2.885,1304.50,16.587,3.1965
2018-05-29,54.31,75.39,2.875,1299.00,16.373,3.1930
2018-05-28,67.05,75.30,2.975,1297.60,16.495,
2018-05-27,67.36,,,1298.30,16.510,
2018-05-25,54.38,76.44,2.939,1303.70,16.546,3.2085
2018-05-24,55.56,78.79,2.940,1304.40,16.687,3.2225
2018-05-23,55.90,79.80,2.914,1289.60,16.405,3.1980
2018-05-22,56.35,79.57,2.908,1292.00,16.575,3.2575
2018-05-21,56.52,79.22,2.810,1290.90,16.520,3.2305
2018-05-18,55.89,78.51,2.847,1291.30,16.455,3.1945
2018-05-17,55.50,79.30,2.859,1289.40,16.481,3.2185
2018-05-16,54.96,79.28,2.815,1291.50,16.371,3.1960
2018-05-15,54.96,78.43,2.836,1290.30,16.269,3.1875
2018-05-14,54.36,78.23,2.842,1318.20,16.645,3.2230
2018-05-11,54.03,77.12,2.806,1320.70,16.752,3.2450
2018-05-10,53.84,77.47,2.814,1322.30,16.759,3.2425
2018-05-09,53.48,77.21,2.737,1313.00,16.539,3.2005
2018-05-08,52.38,74.85,2.732,1313.70,16.472,3.2005
2018-05-07,52.84,76.17,2.741,1314.10,16.495,3.2190
2018-05-04,52.37,74.87,2.711,1314.70,16.519,3.2185
2018-05-03,51.68,73.62,2.726,1312.70,16.447,3.2125
2018-05-02,51.25,73.36,2.754,1305.60,16.375,3.1965
2018-05-01,51.25,73.13,2.802,1306.80,16.127,3.1695
2018-04-30,51.48,75.17,2.763,1319.20,16.401,3.2035
2018-04-27,51.32,74.64,2.771,1323.40,16.497,3.2035
2018-04-26,51.64,74.74,2.821,1314.60,16.533,3.2665
2018-04-25,51.71,74.00,2.786,1319.50,16.539,3.2800
2018-04-24,51.64,73.86,2.781,1329.70,16.744,3.2935
2018-04-23,52.04,74.71,2.740,1320.60,16.624,3.2630
2018-04-20,51.73,74.06,2.739,1334.90,17.192,3.2840
2018-04-19,51.74,73.78,2.660,1345.40,17.269,3.2810
2018-04-18,51.36,73.48,2.739,1350.20,17.286,3.3040
2018-04-17,51.25,71.58,2.738,1346.30,16.817,3.2305
2018-04-16,51.17,71.42,2.752,1347.50,16.708,3.2415
2018-04-13,51.20,72.58,2.735,1344.70,16.699,3.2165
2018-04-12,51.25,72.02,2.686,1338.70,16.511,3.2080
2018-04-11,51.55,72.06,2.675,1356.90,16.806,3.2525
2018-04-10,51.22,71.04,2.656,1342.90,16.630,3.2735
2018-04-09,50.89,68.65,2.693,1337.10,16.567,3.2155
2018-04-06,50.70,67.11,2.701,1333.10,16.399,3.1990
2018-04-05,51.49,68.33,2.675,1325.50,16.390,3.2115
2018-04-04,51.30,68.02,2.718,1337.10,16.284,3.1475
2018-04-03,51.27,68.12,2.697,1334.20,16.436,3.1965
2018-04-02,50.83,67.64,2.683,1343.90,16.716,3.1815
2018-03-29,51.78,70.27,2.733,1324.30,16.312,3.1555
2018-03-28,52.00,69.53,2.698,1326.90,16.297,3.1325
2018-03-27,52.05,70.11,2.691,1342.00,16.541,3.1305
2018-03-26,52.00,70.12,2.618,1355.00,16.684,3.0995
2018-03-23,52.10,70.45,2.591,1349.90,16.582,3.1225
2018-03-22,51.68,68.91,2.617,1327.40,16.387,3.1475
2018-03-21,51.93,69.47,2.638,1321.50,16.419,3.1795
2018-03-20,51.22,67.42,2.675,1311.90,16.185,3.1635
2018-03-19,51.06,66.05,2.651,1317.80,16.325,3.2070
2018-03-16,51.47,66.21,2.688,1312.30,16.272,3.2315
2018-03-15,51.46,65.12,2.681,1317.80,16.422,3.2505
2018-03-14,51.67,64.89,2.731,1325.60,16.537,3.2795
2018-03-13,51.44,64.64,2.786,1327.10,16.627,3.2615
2018-03-12,51.53,64.95,2.778,1320.80,16.536,3.2465
2018-03-09,51.63,65.49,2.732,1324.00,16.608,3.2585
2018-03-08,50.64,63.61,2.756,1321.70,16.500,3.2050
2018-03-07,50.65,64.34,2.777,1327.60,16.494,3.2565
2018-03-06,51.29,65.79,2.749,1335.20,16.784,3.2725
2018-03-05,51.17,65.54,2.704,1319.90,16.412,3.2405
2018-03-02,50.52,64.37,2.695,1323.40,16.466,3.2385
2018-03-01,50.45,63.83,2.698,1305.20,16.276,3.2375
2018-02-28,50.76,65.78,2.667,1317.90,16.407,3.2495
2018-02-27,52.30,66.63,2.683,1318.60,16.434,3.3055
2018-02-26,52.66,67.50,2.639,1330.30,16.588,3.3355
2018-02-23,52.04,67.31,2.625,1327.90,16.511,3.3420
2018-02-22,51.25,66.39,2.634,1330.40,16.614,3.3660
2018-02-21,51.12,65.42,2.659,1329.80,16.647,3.3410
2018-02-20,51.04,65.25,2.616,1328.90,16.478,3.3180
2018-02-19,62.38,65.67,2.606,1347.80,16.610,
2018-02-18,61.72,,2.582,1350.50,16.605,
2018-02-16,50.49,64.84,2.558,1353.70,16.757,3.3660
2018-02-15,50.20,64.33,2.580,1352.90,16.842,3.3605
2018-02-14,50.28,64.36,2.587,1355.60,16.923,3.3505
2018-02-13,50.27,62.72,2.594,1328.00,16.573,3.2785
2018-02-12,49.60,62.59,2.552,1324.00,16.615,3.2065
2018-02-09,49.42,62.79,2.584,1313.30,16.178,3.1560
2018-02-08,49.93,64.81,2.697,1316.50,16.389,3.2020
2018-02-07,49.80,65.51,2.702,1312.20,16.286,3.2095
2018-02-06,50.62,66.86,2.759,1326.90,16.628,3.3100
2018-02-05,50.90,67.62,2.747,1333.80,16.718,3.3400
2018-02-02,51.21,68.58,2.846,1334.60,16.755,3.3070
2018-02-01,52.19,69.65,2.856,1345.00,17.199,3.3270
2018-01-31,52.20,69.05,2.995,1340.40,17.284,3.3085
2018-01-30,52.36,69.02,3.195,1337.20,17.101,3.3065
2018-01-29,52.97,69.46,3.631,1340.30,17.127,3.3085
2018-01-26,53.40,70.52,3.505,1352.10,17.441,3.3170
2018-01-25,53.46,70.42,3.447,1362.90,17.615,3.3345
2018-01-24,53.25,70.53,3.509,1356.30,17.489,3.3490
2018-01-23,53.82,69.96,3.444,1336.70,16.913,3.2345
2018-01-22,53.55,69.03,3.224,1331.90,16.989,3.3135
2018-01-19,53.45,68.61,3.185,1333.10,17.036,3.3030
2018-01-18,53.16,69.31,3.189,1327.20,16.954,3.3115
2018-01-17,52.88,69.38,3.232,1339.20,17.166,3.3010
2018-01-16,52.56,69.15,3.129,1337.10,17.189,3.3305
2018-01-15,64.73,70.26,3.133,1341.80,17.380,
2018-01-14,64.28,,3.116,1337.40,17.245,
2018-01-12,52.57,69.87,3.200,1334.90,17.141,3.3270
2018-01-11,52.49,69.26,3.084,1322.50,16.966,3.3385
2018-01-10,52.46,69.20,2.906,1319.30,17.035,3.3360
2018-01-09,52.72,68.82,2.923,1313.70,17.010,3.3175
2018-01-08,52.28,67.78,2.835,1320.40,17.144,3.3245
2018-01-05,51.89,67.62,2.795,1322.30,17.285,3.3295
2018-01-04,51.51,68.07,2.880,1321.60,17.269,3.3585
2018-01-03,51.58,67.84,3.008,1318.50,17.267,3.3520
2018-01-02,51.54,66.57,3.056,1316.10,17.206,3.3650
2018-01-01,60.24,,3.082,1308.70,17.070,
2017-12-29,51.60,66.87,2.953,1309.30,17.145,3.3860
2017-12-28,51.87,66.72,2.914,1297.20,16.923,3.3895
2017-12-27,51.75,66.44,2.738,1288.30,16.720,3.3665
2017-12-26,51.44,67.02,2.643,1285.50,16.573,3.3585
2017-12-25,58.59,,2.733,1277.90,16.390,
2017-12-22,51.02,65.25,2.667,1277.00,16.407,3.3165
2017-12-21,50.68,64.90,2.598,1268.80,16.205,3.3010
2017-12-20,50.54,64.56,2.637,1267.80,16.236,3.2740
2017-12-19,50.67,63.80,2.692,1262.40,16.118,3.2255
2017-12-18,50.22,63.41,2.745,1263.70,16.168,3.2255
2017-12-15,49.60,63.23,2.612,1255.80,16.029,3.2120
2017-12-14,49.73,63.31,2.684,1255.30,15.903,3.1500
2017-12-13,49.62,62.44,2.715,1246.90,15.834,3.1310
2017-12-12,50.68,63.34,2.678,1239.80,15.630,3.1020
2017-12-11,51.07,64.69,2.828,1245.10,15.748,3.0895
2017-12-08,50.99,63.40,2.772,1246.50,15.788,3.0560
2017-12-07,50.97,62.20,2.763,1251.40,15.753,3.0420
2017-12-06,50.48,61.22,2.922,1264.30,15.918,3.0380
2017-12-05,50.72,62.86,2.914,1263.00,16.032,3.0165
2017-12-04,50.55,62.45,2.985,1275.50,16.338,3.1565
2017-12-01,50.47,63.73,3.061,1280.20,16.354,3.1575
2017-11-30,50.58,63.57,3.025,1274.80,16.445,3.1305
2017-11-29,50.56,63.11,3.179,1283.70,16.526,3.1335
2017-11-28,50.36,63.61,3.074,1294.90,16.854,3.1615
2017-11-27,50.15,63.84,2.928,1294.40,17.050,3.2155
2017-11-24,49.58,63.86,2.813,1287.30,17.022,3.2485
2017-11-23,58.38,63.55,2.904,1291.66,17.096,
2017-11-22,49.30,63.32,2.968,1292.20,17.145,3.2180
2017-11-21,49.21,62.57,3.017,1281.70,16.994,3.2080
2017-11-20,49.47,62.22,3.047,1275.30,16.874,3.1690
2017-11-17,49.89,62.72,3.097,1296.50,17.406,3.1515
2017-11-16,50.06,61.36,3.053,1278.20,17.104,3.1335
2017-11-15,50.68,61.87,3.080,1277.70,17.003,3.1405
2017-11-14,50.89,62.21,3.102,1282.90,17.105,3.1520
2017-11-13,51.75,63.16,3.167,1278.90,17.079,3.1990
2017-11-10,51.29,63.52,3.213,1274.20,16.903,3.1605
2017-11-09,50.85,63.93,3.200,1287.50,17.007,3.1690
2017-11-08,50.77,63.49,3.175,1283.70,17.171,3.1830
2017-11-07,50.07,63.69,3.152,1275.80,16.973,3.1750
2017-11-06,49.59,64.27,3.134,1281.60,17.268,3.2430
2017-11-03,49.77,62.07,2.984,1269.20,16.866,3.2000
2017-11-02,49.66,60.62,2.935,1278.10,17.170,3.2245
2017-11-01,49.80,60.49,2.893,1277.30,17.209,3.2295
2017-10-31,50.20,61.37,2.896,1270.50,16.726,3.1805
2017-10-30,50.35,60.90,2.966,1277.70,16.880,3.1985
2017-10-27,50.41,60.44,2.752,1268.20,16.752,3.1895
2017-10-26,50.10,59.30,2.890,1266.80,16.811,3.2630
2017-10-25,50.16,58.44,2.919,1276.30,16.925,3.2620
2017-10-24,50.10,58.33,2.974,1275.80,16.966,3.2850
2017-10-23,49.79,57.37,2.991,1278.80,17.075,3.2760
2017-10-20,50.03,57.75,2.915,1278.60,17.078,3.2440
2017-10-19,49.81,57.23,2.873,1288.10,17.255,3.2475
2017-10-18,49.90,58.15,2.854,1281.20,16.997,3.2605
2017-10-17,49.67,57.88,2.962,1284.40,17.041,3.2760
2017-10-16,49.96,57.82,2.946,1301.20,17.369,3.3170
2017-10-13,50.19,57.17,3.000,1302.90,17.411,3.2140
2017-10-12,50.10,56.25,2.989,1294.70,17.266,3.2035
2017-10-11,50.46,56.94,2.889,1287.30,17.133,3.1790
2017-10-10,50.21,56.61,2.891,1292.10,17.207,3.1495
2017-10-09,50.18,55.79,2.833,1283.20,16.971,3.1185
2017-10-06,49.98,55.62,2.863,1273.10,16.790,3.1150
2017-10-05,50.86,57.00,2.923,1271.40,16.638,3.1270
2017-10-04,50.49,55.80,2.940,1275.20,16.624,3.0415
2017-10-03,50.33,56.00,2.895,1273.10,16.650,3.0470
2017-10-02,50.31,56.12,2.916,1274.10,16.654,3.0365
2017-09-29,50.87,57.54,3.007,1282.70,16.676,3.0390
2017-09-28,50.53,57.41,3.017,1286.50,16.847,3.0655
2017-09-27,50.96,57.90,2.974,1284.10,16.793,3.0150
2017-09-26,51.16,58.44,2.918,1297.70,16.849,3.0080
2017-09-25,51.19,59.02,2.919,1307.10,17.113,3.0215
2017-09-22,51.39,56.86,2.959,1293.30,16.951,3.0255
2017-09-21,51.35,56.43,2.946,1290.60,16.985,3.0165
2017-09-20,51.47,56.29,3.094,1312.50,17.301,3.0485
2017-09-19,51.45,55.14,3.122,1306.70,17.247,3.0500
2017-09-18,51.74,55.48,3.146,1306.90,17.124,3.0535
2017-09-15,52.22,55.62,3.024,1321.30,17.667,3.0305
2017-09-14,51.99,55.47,3.070,1325.40,17.755,3.0370
2017-09-13,51.88,55.16,3.058,1324.20,17.832,3.0605
2017-09-12,51.95,54.27,3.001,1328.80,17.855,3.1150
2017-09-11,52.10,53.84,2.950,1331.80,17.866,3.1410
2017-09-08,52.10,53.78,2.890,1347.30,18.087,3.1160
2017-09-07,53.00,54.49,2.981,1346.50,18.080,3.2170
2017-09-06,53.01,54.20,3.000,1335.20,17.875,3.2230
2017-09-05,53.05,53.38,2.972,1340.60,17.906,3.1960
2017-09-04,47.41,52.34,3.021,1338.08,17.914,
2017-09-03,47.32,,3.043,1341.22,17.934,
2017-09-01,53.00,52.75,3.070,1326.60,17.781,3.1895
2017-08-31,52.94,52.38,3.040,1318.50,17.541,3.1650
2017-08-30,51.49,50.86,2.939,1310.40,17.470,3.1540
2017-08-29,51.88,52.00,2.961,1313.10,17.451,3.1685
2017-08-28,51.31,51.89,2.925,1309.80,17.467,3.1525
2017-08-25,51.81,52.41,2.892,1292.60,17.070,3.1225
2017-08-24,51.73,52.04,2.949,1286.50,16.984,3.1240
2017-08-23,52.01,52.57,2.928,1289.00,17.066,3.0695
2017-08-22,51.69,51.87,2.939,1285.60,17.002,3.0725
2017-08-21,51.07,51.66,2.962,1291.50,17.036,3.0675
2017-08-18,52.13,52.72,2.893,1286.50,17.021,3.0285
2017-08-17,50.94,51.03,2.929,1287.30,17.075,3.0285
2017-08-16,50.77,50.27,2.890,1277.90,16.961,3.0410
2017-08-15,50.76,50.80,2.935,1274.70,16.744,2.9730
2017-08-14,50.66,50.73,2.959,1285.30,17.142,2.9935
2017-08-11,50.98,52.10,2.983,1289.00,17.093,2.9950
2017-08-10,51.13,51.90,2.985,1285.10,17.088,2.9885
2017-08-09,52.24,52.70,2.883,1274.60,16.884,3.0090
2017-08-08,52.40,52.14,2.822,1257.90,16.411,3.0230
2017-08-07,52.81,52.37,2.801,1260.20,16.278,2.9925
2017-08-04,52.97,52.42,2.774,1260.20,16.281,2.9665
2017-08-03,52.61,52.01,2.800,1270.20,16.661,2.9585
2017-08-02,53.02,52.36,2.811,1274.20,16.782,2.9625
2017-08-01,52.84,51.78,2.819,1275.20,16.813,2.9645
2017-07-31,53.49,52.65,2.794,1268.90,16.835,2.9775
2017-07-28,53.10,52.52,2.941,1270.20,16.744,2.9610
2017-07-27,53.07,51.49,2.969,1260.00,16.573,2.9620
2017-07-26,53.42,50.97,2.924,1249.40,16.459,2.9550
2017-07-25,53.48,50.20,2.944,1252.10,16.542,2.9260
2017-07-24,52.86,48.60,2.899,1254.30,16.443,2.8220
2017-07-21,52.36,48.06,2.970,1254.90,16.457,2.8085
2017-07-20,53.12,49.30,3.043,1245.50,16.345,2.8000
2017-07-19,53.56,49.70,3.066,1242.00,16.297,2.7915
2017-07-18,53.53,48.84,3.088,1241.90,16.268,2.8075
2017-07-17,53.84,48.42,3.020,1233.70,16.099,2.7990
2017-07-14,54.10,48.91,2.980,1227.50,15.933,2.7665
2017-07-13,53.71,48.42,2.961,1217.30,15.691,2.7370
2017-07-12,53.36,47.74,2.985,1219.10,15.887,2.7560
2017-07-11,53.54,47.52,3.047,1214.70,15.745,2.7475
2017-07-10,52.81,46.88,2.929,1213.20,15.629,2.7225
2017-07-07,51.93,46.71,2.864,1209.70,15.425,2.7140
2017-07-06,52.73,48.11,2.888,1223.30,15.983,2.7285
2017-07-05,52.73,47.79,2.840,1221.70,15.896,2.7270
2017-07-04,47.13,49.61,2.984,1227.55,16.126,
2017-07-03,54.00,49.68,2.951,1219.20,16.092,2.7535
2017-06-30,53.07,47.92,3.035,1242.30,16.627,2.7690
2017-06-29,52.15,47.42,3.042,1245.80,16.654,2.7590
2017-06-28,51.81,47.31,3.067,1247.50,16.759,2.7400
2017-06-27,51.73,46.65,3.037,1245.30,16.611,2.7255
2017-06-26,51.21,45.83,3.027,1244.90,16.591,2.7025
2017-06-23,51.21,45.54,2.929,1254.80,16.675,2.6970
2017-06-22,51.44,45.22,2.894,1247.90,16.540,2.6745
2017-06-21,51.46,44.82,2.893,1244.20,16.403,2.6790
2017-06-20,51.64,46.02,2.907,1242.10,16.446,2.6360
2017-06-19,51.62,46.91,2.894,1245.30,16.532,2.6660
2017-06-16,51.87,47.37,3.037,1255.10,16.689,2.6385
2017-06-15,51.82,46.92,3.056,1253.00,16.747,2.6425
2017-06-14,51.08,47.00,2.933,1274.20,17.170,2.6490
2017-06-13,51.58,48.72,2.966,1266.90,16.801,2.6695
2017-06-12,51.39,48.29,3.024,1267.20,16.979,2.6880
2017-06-09,51.23,48.15,3.039,1269.50,17.259,2.7170
2017-06-08,51.11,47.86,3.028,1277.50,17.450,2.6795
2017-06-07,50.32,48.06,3.020,1290.90,17.656,2.6285
2017-06-06,50.99,50.12,3.042,1295.20,17.746,2.6245
2017-06-05,51.04,49.47,2.982,1280.70,17.617,2.6355
2017-06-02,51.03,49.95,2.999,1278.40,17.560,2.6505
2017-06-01,51.22,50.63,3.008,1268.30,17.316,2.6600
2017-05-31,51.21,50.31,3.071,1273.60,17.443,2.6575
2017-05-30,52.23,51.84,3.145,1263.80,17.464,2.6430
2017-05-29,49.97,52.29,3.201,1266.69,17.392,
2017-05-28,49.94,,3.236,1268.22,17.390,
2017-05-26,52.11,52.15,3.236,1268.10,17.323,2.6435
2017-05-25,51.50,51.46,3.184,1256.40,17.193,2.6710
2017-05-24,52.62,53.96,3.209,1253.10,17.117,2.6595
2017-05-23,53.21,54.15,3.219,1255.50,17.139,2.6710
2017-05-22,53.22,53.87,3.330,1261.40,17.191,2.6670
2017-05-19,53.15,53.61,3.256,1253.60,16.796,2.6535
2017-05-18,52.54,52.51,3.182,1252.80,16.670,2.6095
2017-05-17,52.36,52.21,3.192,1258.70,16.906,2.6245
2017-05-16,52.29,51.65,3.230,1236.40,16.747,2.6275
2017-05-15,52.10,51.82,3.349,1230.00,16.603,2.6180
2017-05-12,52.15,50.84,3.424,1227.70,16.402,2.6035
2017-05-11,52.59,50.77,3.376,1224.20,16.265,2.5865
2017-05-10,52.43,50.22,3.292,1218.90,16.207,2.5725
2017-05-09,51.89,48.73,3.227,1216.10,16.067,2.5770
2017-05-08,52.28,49.34,3.172,1227.10,16.258,2.5735
2017-05-05,52.04,49.10,3.266,1226.90,16.274,2.6110
2017-05-04,50.66,48.38,3.186,1228.60,16.303,2.5970
2017-05-03,51.56,50.79,3.228,1248.50,16.546,2.6275
2017-05-02,51.14,50.46,3.195,1257.00,16.831,2.7145
2017-05-01,51.89,51.52,3.215,1255.50,16.842,2.7360
2017-04-28,52.27,51.73,3.276,1268.30,17.262,2.6810
2017-04-27,52.09,51.44,3.239,1265.90,17.334,2.6725
2017-04-26,52.81,51.82,3.142,1262.10,17.398,2.6800
2017-04-25,52.83,52.10,3.043,1265.40,17.624,2.6805
2017-04-24,52.98,51.60,3.066,1275.90,17.892,2.6585
2017-04-21,53.40,51.96,3.101,1287.40,17.893,2.6440
2017-04-20,53.48,52.99,3.159,1282.10,18.054,2.6475
2017-04-19,53.70,52.93,3.185,1281.70,18.198,2.6385
2017-04-18,54.85,54.89,3.145,1292.40,18.308,2.6280
2017-04-17,55.10,55.36,3.163,1290.20,18.550,2.6970
2017-04-13,55.30,55.89,3.227,1286.80,18.546,2.6740
2017-04-12,55.37,55.86,3.187,1276.40,18.336,2.6490
2017-04-11,55.09,56.23,3.150,1272.50,18.290,2.7050
2017-04-10,54.77,55.98,3.238,1252.30,17.949,2.7015
2017-04-07,54.17,55.24,3.261,1255.60,18.178,2.7475
2017-04-06,53.88,54.89,3.331,1251.70,18.272,2.7595
2017-04-05,53.63,54.36,3.266,1246.90,18.220,2.7770
2017-04-04,53.75,54.17,3.293,1256.70,18.357,2.7100
2017-04-03,53.40,53.12,3.128,1252.30,18.250,2.6995
2017-03-31,53.01,52.83,3.190,1249.50,18.294,2.7420
2017-03-30,52.62,52.96,3.191,1246.50,18.243,2.7565
2017-03-29,52.01,52.42,3.175,1253.70,18.252,2.7635
2017-03-28,51.92,51.33,3.096,1255.60,18.252,2.7625
2017-03-27,52.21,50.75,3.052,1255.70,18.108,2.7215
2017-03-24,51.95,50.80,3.076,1248.50,17.748,2.7190
2017-03-23,51.81,50.56,3.051,1247.20,17.593,2.7315
2017-03-22,52.06,50.64,3.011,1249.70,17.578,2.7185
2017-03-21,51.80,50.96,3.093,1246.50,17.583,2.7070
2017-03-20,51.80,51.62,3.041,1234.00,17.438,2.7500
2017-03-17,51.92,51.76,2.948,1230.20,17.413,2.7690
2017-03-16,51.98,51.74,2.902,1227.10,17.330,2.7550
2017-03-15,52.20,51.81,2.981,1200.70,16.923,2.7345
2017-03-14,52.13,50.92,2.938,1202.60,16.923,2.7125
2017-03-13,52.23,51.35,3.043,1203.10,16.972,2.7010
2017-03-10,52.01,51.37,3.008,1201.40,16.923,2.6745
2017-03-09,52.70,52.19,2.974,1203.20,17.036,2.6605
2017-03-08,53.29,53.11,2.901,1209.40,17.298,2.6765
2017-03-07,54.79,55.92,2.824,1216.10,17.536,2.6935
2017-03-06,54.85,56.01,2.901,1225.50,17.773,2.7230
2017-03-03,54.78,55.90,2.827,1226.50,17.740,2.7630
2017-03-02,54.51,55.08,2.804,1232.90,17.748,2.7560
2017-03-01,54.74,56.36,2.799,1250.00,18.489,2.7975
2017-02-28,54.84,55.59,2.774,1253.90,18.469,2.7760
2017-02-27,54.18,55.93,2.693,1258.80,18.417,2.7595
2017-02-24,53.71,55.99,2.627,1256.80,18.375,2.7600
2017-02-23,53.93,56.58,2.617,1250.10,18.153,2.7215
2017-02-22,53.45,55.84,2.592,1232.10,17.981,2.8085
2017-02-21,53.89,56.66,2.564,1237.70,18.040,2.8215
2017-02-20,53.97,56.18,2.878,1238.20,18.043,
2017-02-19,53.79,,2.894,1237.30,18.002,
2017-02-17,54.61,55.81,2.834,1237.80,18.069,2.7830
2017-02-16,54.84,55.65,2.854,1240.20,18.113,2.8060
2017-02-15,54.98,55.75,2.925,1231.90,17.999,2.8305
2017-02-14,55.48,55.97,2.905,1224.30,17.924,2.8200
2017-02-13,55.56,55.59,2.944,1224.80,17.854,2.8490
2017-02-10,56.10,56.70,3.034,1234.90,17.965,2.8325
2017-02-09,56.00,55.63,3.141,1235.70,17.774,2.7230
2017-02-08,55.96,55.12,3.126,1238.20,17.740,2.7370
2017-02-07,56.04,55.05,3.130,1234.90,17.791,2.7045
2017-02-06,56.67,55.72,3.050,1230.90,17.727,2.7195
2017-02-03,56.95,56.81,3.063,1219.60,17.513,2.6770
2017-02-02,56.62,56.56,3.187,1218.00,17.463,2.7435
2017-02-01,56.87,56.80,3.168,1206.90,17.484,2.7630
2017-01-31,56.17,55.70,3.117,1209.80,17.577,2.7745
2017-01-30,55.99,55.23,3.232,1194.50,17.185,2.7010
2017-01-27,56.11,55.52,3.391,1188.40,17.136,2.7310
2017-01-26,56.75,56.24,3.382,1189.80,16.850,2.7135
2017-01-25,56.42,55.08,3.332,1197.80,16.980,2.7500
2017-01-24,56.69,55.44,3.279,1210.80,17.185,2.7495
2017-01-23,56.46,55.23,3.243,1215.60,17.186,2.6915
2017-01-20,56.83,55.49,3.204,1204.90,17.032,2.6670
2017-01-19,56.06,54.16,3.368,1201.50,17.002,2.6550
2017-01-18,55.86,53.92,3.302,1212.10,17.274,2.6620
2017-01-17,56.39,55.47,3.412,1212.90,17.148,2.6635
2017-01-16,52.52,55.86,3.483,1202.85,16.832,
2017-01-15,52.45,,3.466,1203.35,16.898,
2017-01-13,56.77,55.45,3.419,1196.20,16.765,2.7275
2017-01-12,57.23,56.01,3.386,1199.80,16.825,2.7130
2017-01-11,56.88,55.10,3.224,1196.60,16.828,2.6475
2017-01-10,56.04,53.64,3.278,1185.50,16.848,2.6440
2017-01-09,56.41,54.94,3.103,1184.90,16.683,2.5725
2017-01-06,57.50,57.10,3.285,1173.40,16.519,2.5785
2017-01-05,57.36,56.89,3.273,1181.30,16.637,2.5670
2017-01-04,56.79,56.46,3.267,1165.30,16.552,2.5810
2017-01-03,55.64,55.47,3.327,1162.00,16.409,2.5150
2017-01-02,54.03,56.82,3.500,1151.05,16.015,
2022-04-24,,104.56,,,24.190,
2021-12-24,,76.14,,1810.10,22.910,4.4050
2021-01-01,,,,1901.60,26.525,3.5200
2020-04-10,,,,1740.60,15.915,2.2700
2019-04-19,,,,1277.90,14.965,2.9180
2017-04-14,,,,1289.65,18.545,
2022-06-12,,,,,21.948,
2022-06-05,,,,,21.920,
2022-05-22,,,,,21.805,
2022-05-15,,,,,21.223,
2022-05-08,,,,,22.285,
2022-05-01,,,,,22.825,
2022-04-17,,,,,26.115,
2022-04-15,,,,,25.855,4.7205
2022-04-10,,,,,24.898,
2022-04-03,,,,,24.740,
2022-03-27,,,,,25.672,
2022-03-20,,,,,25.047,
2022-03-13,,,,,25.900,
2022-03-06,,,,,26.235,
2022-02-27,,,,,24.460,
2022-02-13,,,,,23.650,
2022-02-06,,,,,22.593,
2022-01-30,,,,,22.413,
2022-01-23,,,,,24.340,
2022-01-09,,,,,22.383,
2022-01-02,,,,,23.328,
2021-12-26,,,,,22.878,
2021-12-19,,,,,22.363,
2021-12-12,,,,,22.235,
2021-12-05,,,,,22.602,
2021-11-28,,,,,23.590,
2021-11-21,,,,,24.650,
2021-11-14,,,,,25.427,
2021-11-07,,,,,24.215,
2021-10-31,,,,,23.840,
2021-10-24,,,,,24.453,
2021-10-17,,,,,23.387,
2021-10-10,,,,,22.617,
2021-10-03,,,,,22.683,
2021-09-26,,,,,22.413,
2021-09-19,,,,,22.358,
2021-09-12,,,,,23.802,
2021-08-29,,,,,24.148,
2021-08-22,,,,,22.948,
2021-08-15,,,,,23.668,
2021-08-08,,,,,23.587,
2021-08-01,,,,,25.562,
2021-07-25,,,,,25.220,
2021-07-18,,,,,25.747,
2021-07-11,,,,,26.192,
2021-06-27,,,,,26.192,
2021-06-20,,,,,25.930,
2021-06-13,,,,,27.955,
2021-06-06,,,,,27.878,
2021-05-23,,,,,27.657,
2021-05-16,,,,,27.582,
2021-05-09,,,,,27.767,
2021-05-02,,,,,25.918,
2021-04-25,,,,,25.995,
2021-04-18,,,,,25.988,
2021-04-11,,,,,25.305,
2021-04-04,,,,,25.047,
2021-03-28,,,,,25.082,
2021-03-21,,,,,25.953,
2021-03-14,,,,,26.058,
2021-03-07,,,,,25.490,
2021-02-28,,,,,26.832,
2021-02-21,,,,,27.477,
2021-02-07,,,,,27.343,
2021-01-31,,,,,28.820,
2021-01-24,,,,,25.615,
2021-01-10,,,,,25.133,
2021-01-03,,,,,27.008,
2020-12-27,,,,,26.295,
2020-12-20,,,,,26.015,
2020-12-13,,,,,24.073,
2020-12-06,,,,,24.255,
2020-11-29,,,,,22.735,
2020-11-22,,,,,24.260,
2020-11-15,,,,,24.775,
2020-11-08,,,,,26.055,
2020-11-01,,,,,23.508,
2020-10-25,,,,,24.525,
2020-10-18,,,,,24.328,
2020-10-11,,,,,25.352,
2020-10-04,,,,,24.030,
2020-09-27,,,,,23.080,
2020-09-20,,,,,26.885,
2020-09-13,,,,,26.973,
2020-08-30,,,,,28.227,
2020-08-23,,,,,26.660,
2020-08-16,,,,,26.227,
2020-08-09,,,,,28.250,
2020-08-02,,,,,24.750,
2020-07-26,,,,,23.375,
2020-07-19,,,,,19.727,
2020-07-12,,,,,19.168,
2020-07-05,,,,,18.332,
2020-06-28,,,,,18.005,
2020-06-21,,,,,17.970,
2020-06-14,,,,,17.585,
2020-06-07,,,,,17.582,
2020-05-31,,,,,18.683,
2020-05-17,,,,,17.340,
2020-05-10,,,,,15.855,
2020-05-03,,,,,14.970,
2020-04-26,,,,,15.365,
2020-04-19,,,,,15.245,
2020-04-12,,,,,15.765,
2020-04-05,,,,,14.530,
2020-03-29,,,,,14.553,
2020-03-22,,,,,12.435,
2020-03-15,,,,,14.780,
2020-03-08,,,,,17.492,
2020-03-01,,,,,16.565,
2020-02-23,,,,,18.648,
2020-02-09,,,,,17.727,
2020-02-02,,,,,18.067,
2020-01-26,,,,,18.218,
2020-01-12,,,,,18.078,
2020-01-05,,,,,18.212,
2019-12-29,,,,,17.878,
2019-12-22,,,,,17.247,
2019-12-15,,,,,16.983,
2019-12-08,,,,,16.637,
2019-12-01,,,,,17.062,
2019-11-24,,,,,17.032,
2019-11-17,,,,,16.962,
2019-11-10,,,,,16.802,
2019-11-03,,,,,18.122,
2019-10-27,,,,,18.032,
2019-10-20,,,,,17.593,
2019-10-13,,,,,17.512,
2019-10-06,,,,,17.615,
2019-09-29,,,,,17.578,
2019-09-22,,,,,18.047,
2019-09-15,,,,,17.823,
2019-09-08,,,,,18.267,
2019-08-25,,,,,17.812,
2019-08-18,,,,,17.067,
2019-08-11,,,,,16.997,
2019-08-04,,,,,16.203,
2019-07-28,,,,,16.402,
2019-07-21,,,,,16.233,
2019-07-14,,,,,15.252,
2019-07-07,,,,,14.998,
2019-06-30,,,,,15.232,
2019-06-23,,,,,15.402,
2019-06-16,,,,,14.807,
2019-06-09,,,,,14.973,
2019-06-02,,,,,14.602,
2019-05-19,,,,,14.428,
2019-05-12,,,,,14.758,
2019-05-05,,,,,14.945,
2019-04-28,,,,,15.012,
2019-04-21,,,,,14.982,
2019-04-14,,,,,14.918,
2019-04-07,,,,,15.088,
2019-03-31,,,,,15.113,
2019-03-24,,,,,15.408,
2019-03-17,,,,,15.268,
2019-03-10,,,,,15.338,
2019-03-03,,,,,15.160,
2019-02-24,,,,,15.883,
2019-02-10,,,,,15.818,
2019-02-03,,,,,15.912,
2019-01-27,,,,,15.732,
2019-01-13,,,,,15.637,
2019-01-06,,,,,15.755,
2018-12-30,,,,,15.438,
2018-12-23,,,,,14.723,
2018-12-16,,,,,14.637,
2018-12-09,,,,,14.697,
2018-12-02,,,,,14.310,
2018-11-25,,,,,14.400,
2018-11-18,,,,,14.390,
2018-11-11,,,,,14.160,
2018-11-04,,,,,14.765,
2018-10-28,,,,,14.710,
2018-10-21,,,,,14.665,
2018-10-14,,,,,14.660,
2018-10-07,,,,,14.680,
2018-09-30,,,,,14.685,
2018-09-23,,,,,14.300,
2018-09-16,,,,,14.080,
2018-09-09,,,,,14.195,
2018-08-26,,,,,14.830,
2018-08-19,,,,,14.765,
2018-08-12,,,,,15.325,
2018-08-05,,,,,15.455,
2018-07-29,,,,,15.510,
2018-07-22,,,,,15.545,
2018-07-15,,,,,15.835,
2018-07-08,,,,,16.100,
2018-07-01,,,,,16.160,
2018-06-24,,,,,16.475,
2018-06-17,,,,,16.585,
2018-06-10,,,,,16.785,
2018-06-03,,,,,16.410,
2018-05-20,,,,,16.455,
2018-05-13,,,,,16.725,
2018-05-06,,,,,16.535,
2018-04-29,,,,,16.455,
2018-04-22,,,,,17.085,
2018-04-15,,,,,16.625,
2018-04-08,,,,,16.385,
2018-04-01,,,,,16.375,
2018-03-25,,,,,16.615,
2018-03-18,,,,,16.300,
2018-03-11,,,,,16.620,
2018-03-04,,,,,16.535,
2018-02-25,,,,,16.450,
2018-02-11,,,,,16.320,
2018-02-04,,,,,16.595,
2018-01-28,,,,,17.410,
2018-01-21,,,,,17.080,
2018-01-07,,,,,17.270,
2017-12-17,,,,,16.070,
2017-12-10,,,,,15.865,
2017-12-03,,,,,16.410,
2017-11-26,,,,,17.009,
2017-11-19,,,,,17.266,
2017-11-12,,,,,16.902,
2017-11-05,,,,,16.861,
2017-10-29,,,,,16.838,
2017-10-22,,,,,16.996,
2017-10-15,,,,,17.447,
2017-10-08,,,,,16.835,
2017-10-01,,,,,16.644,
2017-09-24,,,,,16.957,
2017-09-17,,,,,17.602,
2017-09-10,,,,,17.930,
2017-08-27,,,,,17.042,
2017-08-20,,,,,16.896,
2017-08-13,,,,,17.076,
2017-08-06,,,,,16.225,
2017-07-30,,,,,16.773,
2017-07-23,,,,,16.504,
2017-07-16,,,,,16.022,
2017-07-09,,,,,15.589,
2017-07-02,,,,,16.593,
2017-06-25,,,,,16.680,
2017-06-18,,,,,16.668,
2017-06-11,,,,,17.147,
2017-06-04,,,,,17.574,
2017-05-21,,,,,16.990,
2017-05-14,,,,,16.471,
2017-05-07,,,,,16.490,
2017-04-30,,,,,17.295,
2017-04-23,,,,,17.910,
2017-04-16,,,,,18.620,
2017-04-09,,,,,17.992,
2017-04-02,,,,,18.237,
2017-03-26,,,,,17.855,
2017-03-19,,,,,17.428,
2017-03-12,,,,,17.017,
2017-03-05,,,,,17.977,
2017-02-26,,,,,18.388,
2017-02-12,,,,,17.932,
2017-02-05,,,,,17.487,
2017-01-29,,,,,17.218,
2017-01-22,,,,,17.182,
2017-01-08,,,,,16.557,
